[{"model": "contenttypes.contenttype", "pk": 1, "fields": {"app_label": "admin", "model": "logentry"}}, {"model": "contenttypes.contenttype", "pk": 2, "fields": {"app_label": "auth", "model": "permission"}}, {"model": "contenttypes.contenttype", "pk": 3, "fields": {"app_label": "auth", "model": "user"}}, {"model": "contenttypes.contenttype", "pk": 4, "fields": {"app_label": "auth", "model": "group"}}, {"model": "contenttypes.contenttype", "pk": 5, "fields": {"app_label": "contenttypes", "model": "contenttype"}}, {"model": "contenttypes.contenttype", "pk": 6, "fields": {"app_label": "sessions", "model": "session"}}, {"model": "contenttypes.contenttype", "pk": 7, "fields": {"app_label": "discador", "model": "agente"}}, {"model": "contenttypes.contenttype", "pk": 8, "fields": {"app_label": "discador", "model": "estado_cliente"}}, {"model": "contenttypes.contenttype", "pk": 9, "fields": {"app_label": "discador", "model": "score"}}, {"model": "contenttypes.contenttype", "pk": 10, "fields": {"app_label": "discador", "model": "segmentacion"}}, {"model": "contenttypes.contenttype", "pk": 11, "fields": {"app_label": "discador", "model": "tipo_persona"}}, {"model": "contenttypes.contenttype", "pk": 12, "fields": {"app_label": "discador", "model": "telefonos"}}, {"model": "contenttypes.contenttype", "pk": 13, "fields": {"app_label": "discador", "model": "cliente"}}, {"model": "contenttypes.contenttype", "pk": 14, "fields": {"app_label": "discador", "model": "tipo_domicilio"}}, {"model": "contenttypes.contenttype", "pk": 15, "fields": {"app_label": "discador", "model": "tipo_telefono"}}, {"model": "contenttypes.contenttype", "pk": 16, "fields": {"app_label": "discador", "model": "cartera"}}, {"model": "contenttypes.contenttype", "pk": 17, "fields": {"app_label": "discador", "model": "fuente_telefono"}}, {"model": "contenttypes.contenttype", "pk": 18, "fields": {"app_label": "discador", "model": "cuentas"}}, {"model": "contenttypes.contenttype", "pk": 19, "fields": {"app_label": "discador", "model": "tipo_direccion"}}, {"model": "contenttypes.contenttype", "pk": 20, "fields": {"app_label": "discador", "model": "direcciones"}}, {"model": "contenttypes.contenttype", "pk": 21, "fields": {"app_label": "discador", "model": "mail"}}, {"model": "contenttypes.contenttype", "pk": 22, "fields": {"app_label": "discador", "model": "proveedor"}}, {"model": "contenttypes.contenttype", "pk": 23, "fields": {"app_label": "discador", "model": "tipo_contacto"}}, {"model": "contenttypes.contenttype", "pk": 24, "fields": {"app_label": "speech", "model": "api"}}, {"model": "contenttypes.contenttype", "pk": 25, "fields": {"app_label": "speech", "model": "agente"}}, {"model": "contenttypes.contenttype", "pk": 26, "fields": {"app_label": "speech", "model": "estado"}}, {"model": "contenttypes.contenttype", "pk": 27, "fields": {"app_label": "speech", "model": "supervisor"}}, {"model": "contenttypes.contenttype", "pk": 28, "fields": {"app_label": "speech", "model": "cliente"}}, {"model": "contenttypes.contenttype", "pk": 29, "fields": {"app_label": "speech", "model": "campania"}}, {"model": "contenttypes.contenttype", "pk": 30, "fields": {"app_label": "speech", "model": "base"}}, {"model": "contenttypes.contenttype", "pk": 31, "fields": {"app_label": "speech", "model": "estadocampania"}}, {"model": "contenttypes.contenttype", "pk": 32, "fields": {"app_label": "speech", "model": "dllamadas"}}, {"model": "contenttypes.contenttype", "pk": 33, "fields": {"app_label": "speech", "model": "dblaster"}}, {"model": "contenttypes.contenttype", "pk": 34, "fields": {"app_label": "callcenter", "model": "api"}}, {"model": "contenttypes.contenttype", "pk": 35, "fields": {"app_label": "callcenter", "model": "cliente"}}, {"model": "contenttypes.contenttype", "pk": 36, "fields": {"app_label": "callcenter", "model": "dblaster"}}, {"model": "contenttypes.contenttype", "pk": 37, "fields": {"app_label": "callcenter", "model": "estadocampania"}}, {"model": "contenttypes.contenttype", "pk": 38, "fields": {"app_label": "callcenter", "model": "base"}}, {"model": "contenttypes.contenttype", "pk": 39, "fields": {"app_label": "callcenter", "model": "dllamadas"}}, {"model": "contenttypes.contenttype", "pk": 40, "fields": {"app_label": "callcenter", "model": "campania"}}, {"model": "contenttypes.contenttype", "pk": 41, "fields": {"app_label": "callcenter", "model": "estado"}}, {"model": "contenttypes.contenttype", "pk": 42, "fields": {"app_label": "callcenter", "model": "supervisor"}}, {"model": "contenttypes.contenttype", "pk": 43, "fields": {"app_label": "callcenter", "model": "agente"}}, {"model": "contenttypes.contenttype", "pk": 44, "fields": {"app_label": "discador", "model": "cuadrante"}}, {"model": "contenttypes.contenttype", "pk": 45, "fields": {"app_label": "discador", "model": "plano"}}, {"model": "contenttypes.contenttype", "pk": 46, "fields": {"app_label": "discador", "model": "producto"}}, {"model": "contenttypes.contenttype", "pk": 47, "fields": {"app_label": "discador", "model": "tipo_cartera"}}, {"model": "contenttypes.contenttype", "pk": 48, "fields": {"app_label": "discador", "model": "ubigeo"}}, {"model": "contenttypes.contenttype", "pk": 50, "fields": {"app_label": "discador", "model": "proveedorcarteras"}}, {"model": "contenttypes.contenttype", "pk": 51, "fields": {"app_label": "discador", "model": "sexo"}}, {"model": "contenttypes.contenttype", "pk": 52, "fields": {"app_label": "discador", "model": "subresultado"}}, {"model": "contenttypes.contenttype", "pk": 53, "fields": {"app_label": "discador", "model": "resultado"}}, {"model": "contenttypes.contenttype", "pk": 54, "fields": {"app_label": "discador", "model": "gestion"}}, {"model": "contenttypes.contenttype", "pk": 55, "fields": {"app_label": "discador", "model": "industria"}}, {"model": "contenttypes.contenttype", "pk": 56, "fields": {"app_label": "discador", "model": "idgestion"}}, {"model": "contenttypes.contenttype", "pk": 57, "fields": {"app_label": "discador", "model": "negocio"}}, {"model": "contenttypes.contenttype", "pk": 58, "fields": {"app_label": "discador", "model": "scoreproveedor"}}, {"model": "contenttypes.contenttype", "pk": 60, "fields": {"app_label": "discador", "model": "estadoscore"}}, {"model": "discador.negocio", "pk": 1, "fields": {"nombre": "ATC"}}, {"model": "discador.negocio", "pk": 2, "fields": {"nombre": "VENTAS"}}, {"model": "discador.negocio", "pk": 3, "fields": {"nombre": "COBRANZAS"}}, {"model": "discador.industria", "pk": 1, "fields": {"nombre": "Gaseosas"}}, {"model": "discador.industria", "pk": 2, "fields": {"nombre": "Finanzas"}}, {"model": "discador.proveedor", "pk": 1, "fields": {"nombre": "Banco Credito", "industria": null}}, {"model": "discador.proveedor", "pk": 2, "fields": {"nombre": "Banco Financiero", "industria": null}}, {"model": "discador.proveedor", "pk": 3, "fields": {"nombre": "Banco Interbank", "industria": null}}, {"model": "discador.proveedor", "pk": 4, "fields": {"nombre": "Banco Comercio", "industria": null}}, {"model": "discador.proveedor", "pk": 5, "fields": {"nombre": "Caja Arequipa", "industria": null}}, {"model": "discador.proveedor", "pk": 6, "fields": {"nombre": "Financiera Compartamos", "industria": null}}, {"model": "discador.proveedor", "pk": 7, "fields": {"nombre": "Crediscotia", "industria": null}}, {"model": "discador.proveedor", "pk": 8, "fields": {"nombre": "Scotiabank", "industria": null}}, {"model": "discador.proveedor", "pk": 9, "fields": {"nombre": "Nissan del Peru", "industria": null}}, {"model": "discador.proveedor", "pk": 10, "fields": {"nombre": "Promart", "industria": null}}, {"model": "discador.proveedor", "pk": 11, "fields": {"nombre": "Good Year Peru", "industria": null}}, {"model": "discador.proveedor", "pk": 12, "fields": {"nombre": "San Mateo", "industria": 1}}, {"model": "discador.proveedor", "pk": 13, "fields": {"nombre": "Banco Iluminati", "industria": 2}}, {"model": "discador.gestion", "pk": 10, "fields": {"nombre": "DIRECTO"}}, {"model": "discador.gestion", "pk": 11, "fields": {"nombre": "INDIRECTO"}}, {"model": "discador.gestion", "pk": 12, "fields": {"nombre": "NO CONTACTO"}}, {"model": "discador.resultado", "pk": 1, "fields": {"nombre": "PROMESA DE PAGO"}}, {"model": "discador.resultado", "pk": 2, "fields": {"nombre": "YA PAGO"}}, {"model": "discador.resultado", "pk": 3, "fields": {"nombre": "Compromiso de Pago"}}, {"model": "discador.resultado", "pk": 4, "fields": {"nombre": "PROMESA"}}, {"model": "discador.subresultado", "pk": 1, "fields": {"nombre": "PAGO TOTAL"}}, {"model": "discador.subresultado", "pk": 2, "fields": {"nombre": "PAGO CUOTA INICIAL"}}, {"model": "discador.subresultado", "pk": 3, "fields": {"nombre": "PAGO PARCIAL"}}, {"model": "discador.subresultado", "pk": 4, "fields": {"nombre": "PAGO TOTAL"}}, {"model": "discador.subresultado", "pk": 5, "fields": {"nombre": "PAGO CUOTA INICIAL"}}, {"model": "discador.subresultado", "pk": 6, "fields": {"nombre": "PAGO PARCIAL"}}, {"model": "discador.subresultado", "pk": 7, "fields": {"nombre": "PENDIENTE AUTORIZACION PROVEEDOR"}}, {"model": "discador.subresultado", "pk": 8, "fields": {"nombre": "PENDIENTE CONFIRMACION PROVEEDOR"}}, {"model": "discador.subresultado", "pk": 9, "fields": {"nombre": "EN ESPERA FIRMA CLIENTE"}}, {"model": "discador.subresultado", "pk": 10, "fields": {"nombre": "ESPERA FIRMA DE DOCUMENTOS (CONVENIO)"}}, {"model": "discador.subresultado", "pk": 11, "fields": {"nombre": "PAGA FUERA DE PLAZO"}}, {"model": "discador.subresultado", "pk": 12, "fields": {"nombre": "CONCRETADO CONVENIO / REFIN / REPRO"}}, {"model": "discador.subresultado", "pk": 13, "fields": {"nombre": "EN TRAMITE DESCUENTO / CONDONACION"}}, {"model": "discador.subresultado", "pk": 14, "fields": {"nombre": "EN TRAMITE CONVENIO / REFIN / REPRO"}}, {"model": "discador.subresultado", "pk": 15, "fields": {"nombre": "ESPERA RESPUESTA A PROPUESTA DE PAGO "}}, {"model": "discador.subresultado", "pk": 16, "fields": {"nombre": "INTERESADO EN CONDONACION"}}, {"model": "discador.subresultado", "pk": 17, "fields": {"nombre": "INTERESADO CONVENIO / REFIN / REPRO"}}, {"model": "discador.subresultado", "pk": 18, "fields": {"nombre": "RECIBIO ESTADO DE CUENTA"}}, {"model": "discador.subresultado", "pk": 19, "fields": {"nombre": "PENDIENTE ESTADO DE CUENTA"}}, {"model": "discador.subresultado", "pk": 20, "fields": {"nombre": "SE APERSONARA AGENCIA / NEGOCIAR"}}, {"model": "discador.subresultado", "pk": 21, "fields": {"nombre": "INTERESADO / SE AGENDA LLAMADA"}}, {"model": "discador.subresultado", "pk": 22, "fields": {"nombre": "AFILIACION DEBITO / SEGURO / TARJETA"}}, {"model": "discador.subresultado", "pk": 23, "fields": {"nombre": "RECOJO DE CHEQUES"}}, {"model": "discador.subresultado", "pk": 24, "fields": {"nombre": "DETALLE TECNICO Y COMERCIAL"}}, {"model": "discador.subresultado", "pk": 25, "fields": {"nombre": "DETALLE DE DEUDA"}}, {"model": "discador.subresultado", "pk": 26, "fields": {"nombre": "PAGO POR (POS)"}}, {"model": "discador.subresultado", "pk": 27, "fields": {"nombre": "COPIA DE FACTURA"}}, {"model": "discador.subresultado", "pk": 28, "fields": {"nombre": "ESTADO DE CUENTA"}}, {"model": "discador.subresultado", "pk": 29, "fields": {"nombre": "RECTIFICACION CALIFICACION SBS"}}, {"model": "discador.subresultado", "pk": 30, "fields": {"nombre": "CARTA DE NO ADEUDA"}}, {"model": "discador.subresultado", "pk": 31, "fields": {"nombre": "CARTA DE VIGENCIA DE OBLIGACIONES"}}, {"model": "discador.subresultado", "pk": 32, "fields": {"nombre": "FACTURA ORIGINAL"}}, {"model": "discador.subresultado", "pk": 33, "fields": {"nombre": "FORMAS DE PAGO (WEB / AGENTE / CCI)"}}, {"model": "discador.subresultado", "pk": 34, "fields": {"nombre": "DESAFILIACION DEBITO / SEGURO / TARJETA"}}, {"model": "discador.subresultado", "pk": 35, "fields": {"nombre": "ENCUESTA SATISFACTORIA"}}, {"model": "discador.subresultado", "pk": 36, "fields": {"nombre": "ENCUESTA REGULAR"}}, {"model": "discador.subresultado", "pk": 37, "fields": {"nombre": "ENCUESTA DESFAVORABLE"}}, {"model": "discador.subresultado", "pk": 38, "fields": {"nombre": "NO DESEA PROMOCION / SER LLAMADO"}}, {"model": "discador.subresultado", "pk": 39, "fields": {"nombre": "MALA EXPERIENCIA"}}, {"model": "discador.subresultado", "pk": 40, "fields": {"nombre": "DESCONOCE MARCA O TRAYECTORIA DE PROVEEDOR"}}, {"model": "discador.subresultado", "pk": 41, "fields": {"nombre": "SERVICIO COSTOSO"}}, {"model": "discador.subresultado", "pk": 42, "fields": {"nombre": "PRODUCTO / SERVICIO / BENEFICIO"}}, {"model": "discador.subresultado", "pk": 43, "fields": {"nombre": "ANULARA TARJETA POR FALTA DE USO"}}, {"model": "discador.subresultado", "pk": 44, "fields": {"nombre": "COBRO DEUDA INEXISTENTE"}}, {"model": "discador.subresultado", "pk": 45, "fields": {"nombre": "TUVO PROBLEMAS SERVICIO / CONSUMO / COBRO"}}, {"model": "discador.subresultado", "pk": 46, "fields": {"nombre": "ANULO TARJETA DE CREDITO"}}, {"model": "discador.subresultado", "pk": 47, "fields": {"nombre": "CONFORME CON FECHA PAGO ACTUAL"}}, {"model": "discador.subresultado", "pk": 48, "fields": {"nombre": "EN TRAMITE DE CAMBIO EN AGENCIA / OFICINA"}}, {"model": "discador.subresultado", "pk": 49, "fields": {"nombre": "SOLICITUD DE CAMBIO EN AGENCIA / OFICINA"}}, {"model": "discador.subresultado", "pk": 50, "fields": {"nombre": "DENEGADA DE CAMBIO EN AGENCIA / OFICINA"}}, {"model": "discador.subresultado", "pk": 51, "fields": {"nombre": "NO FIGURA IMPORTE BANCO / AGENTE"}}, {"model": "discador.subresultado", "pk": 52, "fields": {"nombre": "EMPLEADOR DEMORA HABERES"}}, {"model": "discador.subresultado", "pk": 53, "fields": {"nombre": "NO LABORA / TRABAJO EVENTUAL / BAJOS INGRESOS"}}, {"model": "discador.subresultado", "pk": 54, "fields": {"nombre": "ESTACIONALIDAD / COMERCIANTE / CAMPA\u00d1A"}}, {"model": "discador.subresultado", "pk": 55, "fields": {"nombre": "EFECTUA PAGO OTRO PRODUCTO / SOBREENDEUDADO"}}, {"model": "discador.subresultado", "pk": 56, "fields": {"nombre": "CREDITO PARA TERCEROS"}}, {"model": "discador.subresultado", "pk": 57, "fields": {"nombre": "ENFERMEDAD / ACCIDENTE (TITULAR / FAMILIAR)"}}, {"model": "discador.subresultado", "pk": 58, "fields": {"nombre": "LABORA EN MINA / ZONA RURAL"}}, {"model": "discador.subresultado", "pk": 59, "fields": {"nombre": "NEGOCIO QUEBRADO / EN LIQUIDACION / INOPERATIVO"}}, {"model": "discador.subresultado", "pk": 60, "fields": {"nombre": "SOLO COORDINARA EMPRESA / PROVEEDOR"}}, {"model": "discador.subresultado", "pk": 61, "fields": {"nombre": "NO LLEGO ESTADO DE CUENTA"}}, {"model": "discador.subresultado", "pk": 62, "fields": {"nombre": "NO ASUME MONTO DEUDA"}}, {"model": "discador.subresultado", "pk": 63, "fields": {"nombre": "NO RECONOCE DEUDA"}}, {"model": "discador.subresultado", "pk": 64, "fields": {"nombre": "INDECOPI / SBS"}}, {"model": "discador.subresultado", "pk": 65, "fields": {"nombre": "ESPERA RESPUESTA RECLAMO"}}, {"model": "discador.subresultado", "pk": 66, "fields": {"nombre": "RECLAMO DE FACTURACION /DESPACHO"}}, {"model": "discador.subresultado", "pk": 67, "fields": {"nombre": "ESPERANDO RESPUESTA A RECLAMO"}}, {"model": "discador.subresultado", "pk": 68, "fields": {"nombre": "ENTREGA DE CONTRATO"}}, {"model": "discador.subresultado", "pk": 69, "fields": {"nombre": "MISMA INSTITUCION"}}, {"model": "discador.subresultado", "pk": 70, "fields": {"nombre": "ASEGURADORA"}}, {"model": "discador.subresultado", "pk": 71, "fields": {"nombre": "RECLAMO COMERCIAL"}}, {"model": "discador.subresultado", "pk": 72, "fields": {"nombre": "RECLAMO TECNICO "}}, {"model": "discador.subresultado", "pk": 73, "fields": {"nombre": "RECLAMOS COBRANZAS"}}, {"model": "discador.subresultado", "pk": 74, "fields": {"nombre": "MAL SERVICIO"}}, {"model": "discador.subresultado", "pk": 75, "fields": {"nombre": "NO ES TITULAR DEL CREDITO"}}, {"model": "discador.subresultado", "pk": 76, "fields": {"nombre": "CONYUGE SOLICITA DETALLE"}}, {"model": "discador.subresultado", "pk": 77, "fields": {"nombre": "ACEPTA INVITACI\u00d3N A FERIA"}}, {"model": "discador.subresultado", "pk": 78, "fields": {"nombre": "PRESENTO PAPELES"}}, {"model": "discador.subresultado", "pk": 79, "fields": {"nombre": "SIN PAPELES PRESENTADOS"}}, {"model": "discador.subresultado", "pk": 80, "fields": {"nombre": "ACTIVAR DIRECCION"}}, {"model": "discador.subresultado", "pk": 81, "fields": {"nombre": "ACTIVAR TELEFONO"}}, {"model": "discador.subresultado", "pk": 82, "fields": {"nombre": "DESACTIVAR DIRECCION"}}, {"model": "discador.subresultado", "pk": 83, "fields": {"nombre": "DESACTIVAR TELEFONO"}}, {"model": "discador.subresultado", "pk": 84, "fields": {"nombre": "CORRECCION DE DATOS"}}, {"model": "discador.subresultado", "pk": 85, "fields": {"nombre": "NUEVA DIRECCION"}}, {"model": "discador.subresultado", "pk": 86, "fields": {"nombre": "NUEVA DIRECCION Y TELEFONO"}}, {"model": "discador.subresultado", "pk": 87, "fields": {"nombre": "NUEVO TELEFONO"}}, {"model": "discador.subresultado", "pk": 88, "fields": {"nombre": "SIN DATOS NUEVOS"}}, {"model": "discador.subresultado", "pk": 89, "fields": {"nombre": "A ORDEN DE PROVEEDOR"}}, {"model": "discador.subresultado", "pk": 90, "fields": {"nombre": "DEUDA YA CANCELADA"}}, {"model": "discador.cartera", "pk": 1, "fields": {"nombre": "Televenta"}}, {"model": "discador.cartera", "pk": 2, "fields": {"nombre": "Judicial"}}, {"model": "discador.cartera", "pk": 3, "fields": {"nombre": "Marketing"}}, {"model": "discador.cartera", "pk": 4, "fields": {"nombre": "Atencion al Cliente"}}, {"model": "discador.cartera", "pk": 5, "fields": {"nombre": "Cobranza Preventiva"}}, {"model": "discador.cartera", "pk": 6, "fields": {"nombre": "Cobranza Vigente"}}, {"model": "discador.cartera", "pk": 7, "fields": {"nombre": "Cobranza Tardia"}}, {"model": "discador.cartera", "pk": 8, "fields": {"nombre": "Cobranza Castigo"}}, {"model": "discador.cartera", "pk": 9, "fields": {"nombre": "Cobranza Judicial"}}, {"model": "discador.cartera", "pk": 10, "fields": {"nombre": "Facturas por cobrar"}}, {"model": "discador.cartera", "pk": 11, "fields": {"nombre": "ttt"}}, {"model": "discador.cartera", "pk": 12, "fields": {"nombre": "33"}}, {"model": "discador.cartera", "pk": 13, "fields": {"nombre": "3"}}, {"model": "discador.cartera", "pk": 14, "fields": {"nombre": "eee"}}, {"model": "discador.cartera", "pk": 15, "fields": {"nombre": "eeeee"}}, {"model": "discador.cartera", "pk": 16, "fields": {"nombre": "eeeeeee"}}, {"model": "discador.cartera", "pk": 17, "fields": {"nombre": "dd"}}, {"model": "discador.cartera", "pk": 18, "fields": {"nombre": "mmm"}}, {"model": "discador.cartera", "pk": 19, "fields": {"nombre": "nnn"}}, {"model": "discador.cartera", "pk": 20, "fields": {"nombre": "mn"}}, {"model": "discador.estadoscore", "pk": 1, "fields": {"nombre": "Desactivado"}}, {"model": "discador.estadoscore", "pk": 2, "fields": {"nombre": "Activado"}}, {"model": "discador.idgestion", "pk": 1, "fields": {"nombre": "Promesa"}}, {"model": "discador.idgestion", "pk": 2, "fields": {"nombre": "Contacto"}}, {"model": "discador.idgestion", "pk": 3, "fields": {"nombre": "Mensaje Tercero"}}, {"model": "discador.idgestion", "pk": 4, "fields": {"nombre": "No Contacto"}}, {"model": "discador.idgestion", "pk": 5, "fields": {"nombre": "Ilocalizado"}}, {"model": "discador.proveedorcarteras", "pk": 164, "fields": {"proveedor": 2, "cartera": 2, "negocio": 1}}, {"model": "discador.proveedorcarteras", "pk": 165, "fields": {"proveedor": 3, "cartera": 2, "negocio": 3}}, {"model": "discador.proveedorcarteras", "pk": 166, "fields": {"proveedor": 3, "cartera": 6, "negocio": 2}}, {"model": "discador.proveedorcarteras", "pk": 167, "fields": {"proveedor": 2, "cartera": 3, "negocio": 2}}, {"model": "discador.proveedorcarteras", "pk": 168, "fields": {"proveedor": 3, "cartera": 2, "negocio": 2}}, {"model": "discador.proveedorcarteras", "pk": 169, "fields": {"proveedor": 4, "cartera": 3, "negocio": 2}}, {"model": "discador.proveedorcarteras", "pk": 170, "fields": {"proveedor": 5, "cartera": 2, "negocio": 2}}, {"model": "discador.proveedorcarteras", "pk": 171, "fields": {"proveedor": 3, "cartera": 3, "negocio": 1}}, {"model": "discador.proveedorcarteras", "pk": 172, "fields": {"proveedor": 4, "cartera": 2, "negocio": 1}}, {"model": "discador.proveedorcarteras", "pk": 173, "fields": {"proveedor": 4, "cartera": 2, "negocio": 2}}, {"model": "discador.proveedorcarteras", "pk": 174, "fields": {"proveedor": 5, "cartera": 2, "negocio": 3}}, {"model": "discador.proveedorcarteras", "pk": 175, "fields": {"proveedor": 6, "cartera": 3, "negocio": 3}}, {"model": "discador.proveedorcarteras", "pk": 176, "fields": {"proveedor": 8, "cartera": 4, "negocio": 2}}, {"model": "discador.proveedorcarteras", "pk": 177, "fields": {"proveedor": 3, "cartera": 1, "negocio": 1}}, {"model": "discador.proveedorcarteras", "pk": 178, "fields": {"proveedor": 1, "cartera": 1, "negocio": 1}}, {"model": "discador.proveedorcarteras", "pk": 179, "fields": {"proveedor": 3, "cartera": 3, "negocio": 2}}, {"model": "discador.proveedorcarteras", "pk": 180, "fields": {"proveedor": 2, "cartera": 3, "negocio": 1}}, {"model": "discador.proveedorcarteras", "pk": 181, "fields": {"proveedor": 2, "cartera": 2, "negocio": 2}}, {"model": "discador.proveedorcarteras", "pk": 182, "fields": {"proveedor": 3, "cartera": 4, "negocio": 2}}, {"model": "discador.proveedorcarteras", "pk": 183, "fields": {"proveedor": 4, "cartera": 3, "negocio": 1}}, {"model": "discador.proveedorcarteras", "pk": 184, "fields": {"proveedor": 4, "cartera": 3, "negocio": 3}}, {"model": "discador.proveedorcarteras", "pk": 185, "fields": {"proveedor": 3, "cartera": 3, "negocio": 3}}, {"model": "discador.proveedorcarteras", "pk": 186, "fields": {"proveedor": 6, "cartera": 4, "negocio": 2}}, {"model": "discador.proveedorcarteras", "pk": 187, "fields": {"proveedor": 5, "cartera": 3, "negocio": 2}}, {"model": "discador.score", "pk": 1, "fields": {"negocio": 2, "gestion": 10, "id_gestion": 1, "resultado": 2, "subresultado": 1, "peso": "", "estado": "0"}}, {"model": "discador.score", "pk": 2, "fields": {"negocio": 3, "gestion": 10, "id_gestion": 4, "resultado": 1, "subresultado": 1, "peso": "", "estado": "0"}}, {"model": "discador.score", "pk": 3, "fields": {"negocio": 3, "gestion": 11, "id_gestion": 2, "resultado": 2, "subresultado": 1, "peso": "", "estado": "0"}}, {"model": "discador.score", "pk": 4, "fields": {"negocio": 3, "gestion": 12, "id_gestion": 1, "resultado": 1, "subresultado": 1, "peso": "", "estado": "0"}}, {"model": "discador.score", "pk": 5, "fields": {"negocio": 2, "gestion": 12, "id_gestion": 5, "resultado": 1, "subresultado": 1, "peso": "", "estado": "0"}}, {"model": "discador.score", "pk": 6, "fields": {"negocio": 2, "gestion": 11, "id_gestion": 4, "resultado": 3, "subresultado": 1, "peso": "", "estado": "0"}}, {"model": "discador.score", "pk": 7, "fields": {"negocio": 2, "gestion": 11, "id_gestion": 4, "resultado": 3, "subresultado": 2, "peso": "", "estado": "0"}}, {"model": "discador.score", "pk": 8, "fields": {"negocio": 1, "gestion": 11, "id_gestion": 4, "resultado": 2, "subresultado": 1, "peso": "", "estado": "0"}}, {"model": "discador.score", "pk": 9, "fields": {"negocio": 1, "gestion": 10, "id_gestion": 2, "resultado": 1, "subresultado": 1, "peso": "3", "estado": "0"}}, {"model": "discador.score", "pk": 10, "fields": {"negocio": 1, "gestion": 10, "id_gestion": 1, "resultado": 1, "subresultado": 1, "peso": "3", "estado": "0"}}, {"model": "discador.scoreproveedor", "pk": 19, "fields": {"score": 8, "proveedor": 164, "estado": null}}, {"model": "discador.scoreproveedor", "pk": 20, "fields": {"score": 9, "proveedor": 164, "estado": null}}, {"model": "discador.scoreproveedor", "pk": 21, "fields": {"score": 10, "proveedor": 164, "estado": null}}, {"model": "discador.scoreproveedor", "pk": 22, "fields": {"score": 2, "proveedor": 165, "estado": null}}, {"model": "discador.scoreproveedor", "pk": 23, "fields": {"score": 6, "proveedor": 168, "estado": 1}}, {"model": "discador.scoreproveedor", "pk": 24, "fields": {"score": 1, "proveedor": 169, "estado": 2}}, {"model": "discador.scoreproveedor", "pk": 25, "fields": {"score": 5, "proveedor": 169, "estado": 2}}, {"model": "discador.scoreproveedor", "pk": 26, "fields": {"score": 1, "proveedor": 168, "estado": 2}}, {"model": "discador.scoreproveedor", "pk": 27, "fields": {"score": 1, "proveedor": 170, "estado": 2}}, {"model": "discador.scoreproveedor", "pk": 28, "fields": {"score": 5, "proveedor": 170, "estado": 2}}, {"model": "discador.scoreproveedor", "pk": 29, "fields": {"score": 1, "proveedor": 167, "estado": 2}}, {"model": "discador.scoreproveedor", "pk": 30, "fields": {"score": 5, "proveedor": 167, "estado": 2}}, {"model": "discador.scoreproveedor", "pk": 31, "fields": {"score": 6, "proveedor": 167, "estado": 2}}, {"model": "discador.scoreproveedor", "pk": 32, "fields": {"score": 7, "proveedor": 167, "estado": 2}}, {"model": "discador.scoreproveedor", "pk": 33, "fields": {"score": 8, "proveedor": 171, "estado": 2}}, {"model": "discador.scoreproveedor", "pk": 34, "fields": {"score": 9, "proveedor": 171, "estado": 2}}, {"model": "discador.scoreproveedor", "pk": 35, "fields": {"score": 10, "proveedor": 171, "estado": 2}}, {"model": "discador.scoreproveedor", "pk": 36, "fields": {"score": 8, "proveedor": 172, "estado": 2}}, {"model": "discador.scoreproveedor", "pk": 37, "fields": {"score": 9, "proveedor": 172, "estado": 2}}, {"model": "discador.scoreproveedor", "pk": 38, "fields": {"score": 10, "proveedor": 172, "estado": 2}}, {"model": "discador.scoreproveedor", "pk": 39, "fields": {"score": 1, "proveedor": 173, "estado": 2}}, {"model": "discador.scoreproveedor", "pk": 40, "fields": {"score": 5, "proveedor": 173, "estado": 2}}, {"model": "discador.scoreproveedor", "pk": 41, "fields": {"score": 6, "proveedor": 173, "estado": 2}}, {"model": "discador.scoreproveedor", "pk": 42, "fields": {"score": 7, "proveedor": 173, "estado": 2}}, {"model": "discador.scoreproveedor", "pk": 43, "fields": {"score": 6, "proveedor": 170, "estado": 2}}, {"model": "discador.scoreproveedor", "pk": 44, "fields": {"score": 7, "proveedor": 170, "estado": 2}}, {"model": "discador.scoreproveedor", "pk": 45, "fields": {"score": 2, "proveedor": 174, "estado": 2}}, {"model": "discador.scoreproveedor", "pk": 46, "fields": {"score": 3, "proveedor": 174, "estado": 1}}, {"model": "discador.scoreproveedor", "pk": 47, "fields": {"score": 2, "proveedor": 175, "estado": 1}}, {"model": "discador.scoreproveedor", "pk": 48, "fields": {"score": 3, "proveedor": 175, "estado": 2}}, {"model": "discador.scoreproveedor", "pk": 49, "fields": {"score": 4, "proveedor": 175, "estado": 2}}, {"model": "discador.scoreproveedor", "pk": 50, "fields": {"score": 1, "proveedor": 176, "estado": 2}}, {"model": "discador.scoreproveedor", "pk": 51, "fields": {"score": 8, "proveedor": 177, "estado": 2}}, {"model": "discador.scoreproveedor", "pk": 52, "fields": {"score": 9, "proveedor": 177, "estado": 2}}, {"model": "discador.scoreproveedor", "pk": 53, "fields": {"score": 10, "proveedor": 177, "estado": 2}}, {"model": "discador.scoreproveedor", "pk": 54, "fields": {"score": 8, "proveedor": 178, "estado": 1}}, {"model": "discador.scoreproveedor", "pk": 55, "fields": {"score": 1, "proveedor": 179, "estado": 2}}, {"model": "discador.scoreproveedor", "pk": 56, "fields": {"score": 8, "proveedor": 180, "estado": 2}}, {"model": "discador.scoreproveedor", "pk": 57, "fields": {"score": 1, "proveedor": 181, "estado": 2}}, {"model": "discador.scoreproveedor", "pk": 58, "fields": {"score": 1, "proveedor": 182, "estado": 2}}, {"model": "discador.scoreproveedor", "pk": 59, "fields": {"score": 5, "proveedor": 182, "estado": 2}}, {"model": "discador.scoreproveedor", "pk": 60, "fields": {"score": 5, "proveedor": 179, "estado": 2}}, {"model": "discador.scoreproveedor", "pk": 61, "fields": {"score": 6, "proveedor": 179, "estado": 2}}, {"model": "discador.scoreproveedor", "pk": 62, "fields": {"score": 7, "proveedor": 179, "estado": 2}}, {"model": "discador.scoreproveedor", "pk": 63, "fields": {"score": 8, "proveedor": 183, "estado": 2}}, {"model": "discador.scoreproveedor", "pk": 64, "fields": {"score": 2, "proveedor": 184, "estado": 2}}, {"model": "discador.scoreproveedor", "pk": 65, "fields": {"score": 3, "proveedor": 184, "estado": 2}}, {"model": "discador.scoreproveedor", "pk": 66, "fields": {"score": 4, "proveedor": 184, "estado": 2}}, {"model": "discador.scoreproveedor", "pk": 67, "fields": {"score": 2, "proveedor": 185, "estado": 2}}, {"model": "discador.scoreproveedor", "pk": 68, "fields": {"score": 3, "proveedor": 185, "estado": 2}}, {"model": "discador.scoreproveedor", "pk": 69, "fields": {"score": 4, "proveedor": 185, "estado": 2}}, {"model": "discador.scoreproveedor", "pk": 70, "fields": {"score": 1, "proveedor": 186, "estado": 2}}, {"model": "discador.scoreproveedor", "pk": 71, "fields": {"score": 1, "proveedor": 187, "estado": 2}}, {"model": "discador.scoreproveedor", "pk": 72, "fields": {"score": 5, "proveedor": 187, "estado": 2}}, {"model": "discador.scoreproveedor", "pk": 73, "fields": {"score": 1, "proveedor": 166, "estado": 2}}, {"model": "discador.scoreproveedor", "pk": 74, "fields": {"score": 5, "proveedor": 166, "estado": 2}}, {"model": "discador.sexo", "pk": 1, "fields": {"nombre": "Masculino"}}, {"model": "discador.agente", "pk": 1, "fields": {"nombre": "Daniel", "supervisor": "Daniel", "anexo": "100", "estado": "activo", "user": "root", "t_inicio_gestion": "", "t_fin_gestion": "", "t_inicio_llamada": "", "t_fin_llamada": "", "t_inicio_espera": "", "t_fin_espera": "", "contactadas": ""}}, {"model": "discador.agente", "pk": 2, "fields": {"nombre": "Fanny", "supervisor": "sasa", "anexo": "", "estado": "", "user": "", "t_inicio_gestion": "", "t_fin_gestion": "", "t_inicio_llamada": "sas", "t_fin_llamada": "sas", "t_inicio_espera": "sas", "t_fin_espera": "sas", "contactadas": "sa"}}, {"model": "discador.cuentas", "pk": 1, "fields": {"cliente": null, "capital": "3434", "numero_cuenta": "434", "total": "434", "compania": "434", "mora": "434", "interes": "", "dias_mora": "", "tramo": "", "fecha_vencimiento": "", "estado": "", "proveedor": 1, "cartera": 1}}, {"model": "callcenter.estado", "pk": 1, "fields": {"nombre": "Disponible", "fecha": "2018-11-07T20:23:45Z"}}, {"model": "auth.permission", "pk": 1, "fields": {"name": "Can add log entry", "content_type": 1, "codename": "add_logentry"}}, {"model": "auth.permission", "pk": 2, "fields": {"name": "Can change log entry", "content_type": 1, "codename": "change_logentry"}}, {"model": "auth.permission", "pk": 3, "fields": {"name": "Can delete log entry", "content_type": 1, "codename": "delete_logentry"}}, {"model": "auth.permission", "pk": 4, "fields": {"name": "Can add permission", "content_type": 2, "codename": "add_permission"}}, {"model": "auth.permission", "pk": 5, "fields": {"name": "Can change permission", "content_type": 2, "codename": "change_permission"}}, {"model": "auth.permission", "pk": 6, "fields": {"name": "Can delete permission", "content_type": 2, "codename": "delete_permission"}}, {"model": "auth.permission", "pk": 7, "fields": {"name": "Can add user", "content_type": 3, "codename": "add_user"}}, {"model": "auth.permission", "pk": 8, "fields": {"name": "Can change user", "content_type": 3, "codename": "change_user"}}, {"model": "auth.permission", "pk": 9, "fields": {"name": "Can delete user", "content_type": 3, "codename": "delete_user"}}, {"model": "auth.permission", "pk": 10, "fields": {"name": "Can add group", "content_type": 4, "codename": "add_group"}}, {"model": "auth.permission", "pk": 11, "fields": {"name": "Can change group", "content_type": 4, "codename": "change_group"}}, {"model": "auth.permission", "pk": 12, "fields": {"name": "Can delete group", "content_type": 4, "codename": "delete_group"}}, {"model": "auth.permission", "pk": 13, "fields": {"name": "Can add content type", "content_type": 5, "codename": "add_contenttype"}}, {"model": "auth.permission", "pk": 14, "fields": {"name": "Can change content type", "content_type": 5, "codename": "change_contenttype"}}, {"model": "auth.permission", "pk": 15, "fields": {"name": "Can delete content type", "content_type": 5, "codename": "delete_contenttype"}}, {"model": "auth.permission", "pk": 16, "fields": {"name": "Can add session", "content_type": 6, "codename": "add_session"}}, {"model": "auth.permission", "pk": 17, "fields": {"name": "Can change session", "content_type": 6, "codename": "change_session"}}, {"model": "auth.permission", "pk": 18, "fields": {"name": "Can delete session", "content_type": 6, "codename": "delete_session"}}, {"model": "auth.permission", "pk": 19, "fields": {"name": "Can add agente", "content_type": 7, "codename": "add_agente"}}, {"model": "auth.permission", "pk": 20, "fields": {"name": "Can change agente", "content_type": 7, "codename": "change_agente"}}, {"model": "auth.permission", "pk": 21, "fields": {"name": "Can delete agente", "content_type": 7, "codename": "delete_agente"}}, {"model": "auth.permission", "pk": 22, "fields": {"name": "Can add estado_cliente", "content_type": 8, "codename": "add_estado_cliente"}}, {"model": "auth.permission", "pk": 23, "fields": {"name": "Can change estado_cliente", "content_type": 8, "codename": "change_estado_cliente"}}, {"model": "auth.permission", "pk": 24, "fields": {"name": "Can delete estado_cliente", "content_type": 8, "codename": "delete_estado_cliente"}}, {"model": "auth.permission", "pk": 25, "fields": {"name": "Can add score", "content_type": 9, "codename": "add_score"}}, {"model": "auth.permission", "pk": 26, "fields": {"name": "Can change score", "content_type": 9, "codename": "change_score"}}, {"model": "auth.permission", "pk": 27, "fields": {"name": "Can delete score", "content_type": 9, "codename": "delete_score"}}, {"model": "auth.permission", "pk": 28, "fields": {"name": "Can add segmentacion", "content_type": 10, "codename": "add_segmentacion"}}, {"model": "auth.permission", "pk": 29, "fields": {"name": "Can change segmentacion", "content_type": 10, "codename": "change_segmentacion"}}, {"model": "auth.permission", "pk": 30, "fields": {"name": "Can delete segmentacion", "content_type": 10, "codename": "delete_segmentacion"}}, {"model": "auth.permission", "pk": 31, "fields": {"name": "Can add tipo_persona", "content_type": 11, "codename": "add_tipo_persona"}}, {"model": "auth.permission", "pk": 32, "fields": {"name": "Can change tipo_persona", "content_type": 11, "codename": "change_tipo_persona"}}, {"model": "auth.permission", "pk": 33, "fields": {"name": "Can delete tipo_persona", "content_type": 11, "codename": "delete_tipo_persona"}}, {"model": "auth.permission", "pk": 34, "fields": {"name": "Can add telefonos", "content_type": 12, "codename": "add_telefonos"}}, {"model": "auth.permission", "pk": 35, "fields": {"name": "Can change telefonos", "content_type": 12, "codename": "change_telefonos"}}, {"model": "auth.permission", "pk": 36, "fields": {"name": "Can delete telefonos", "content_type": 12, "codename": "delete_telefonos"}}, {"model": "auth.permission", "pk": 37, "fields": {"name": "Can add cliente", "content_type": 13, "codename": "add_cliente"}}, {"model": "auth.permission", "pk": 38, "fields": {"name": "Can change cliente", "content_type": 13, "codename": "change_cliente"}}, {"model": "auth.permission", "pk": 39, "fields": {"name": "Can delete cliente", "content_type": 13, "codename": "delete_cliente"}}, {"model": "auth.permission", "pk": 40, "fields": {"name": "Can add tipo_domicilio", "content_type": 14, "codename": "add_tipo_domicilio"}}, {"model": "auth.permission", "pk": 41, "fields": {"name": "Can change tipo_domicilio", "content_type": 14, "codename": "change_tipo_domicilio"}}, {"model": "auth.permission", "pk": 42, "fields": {"name": "Can delete tipo_domicilio", "content_type": 14, "codename": "delete_tipo_domicilio"}}, {"model": "auth.permission", "pk": 43, "fields": {"name": "Can add tipo_telefono", "content_type": 15, "codename": "add_tipo_telefono"}}, {"model": "auth.permission", "pk": 44, "fields": {"name": "Can change tipo_telefono", "content_type": 15, "codename": "change_tipo_telefono"}}, {"model": "auth.permission", "pk": 45, "fields": {"name": "Can delete tipo_telefono", "content_type": 15, "codename": "delete_tipo_telefono"}}, {"model": "auth.permission", "pk": 46, "fields": {"name": "Can add cartera", "content_type": 16, "codename": "add_cartera"}}, {"model": "auth.permission", "pk": 47, "fields": {"name": "Can change cartera", "content_type": 16, "codename": "change_cartera"}}, {"model": "auth.permission", "pk": 48, "fields": {"name": "Can delete cartera", "content_type": 16, "codename": "delete_cartera"}}, {"model": "auth.permission", "pk": 49, "fields": {"name": "Can add fuente_telefono", "content_type": 17, "codename": "add_fuente_telefono"}}, {"model": "auth.permission", "pk": 50, "fields": {"name": "Can change fuente_telefono", "content_type": 17, "codename": "change_fuente_telefono"}}, {"model": "auth.permission", "pk": 51, "fields": {"name": "Can delete fuente_telefono", "content_type": 17, "codename": "delete_fuente_telefono"}}, {"model": "auth.permission", "pk": 52, "fields": {"name": "Can add cuentas", "content_type": 18, "codename": "add_cuentas"}}, {"model": "auth.permission", "pk": 53, "fields": {"name": "Can change cuentas", "content_type": 18, "codename": "change_cuentas"}}, {"model": "auth.permission", "pk": 54, "fields": {"name": "Can delete cuentas", "content_type": 18, "codename": "delete_cuentas"}}, {"model": "auth.permission", "pk": 55, "fields": {"name": "Can add tipo_direccion", "content_type": 19, "codename": "add_tipo_direccion"}}, {"model": "auth.permission", "pk": 56, "fields": {"name": "Can change tipo_direccion", "content_type": 19, "codename": "change_tipo_direccion"}}, {"model": "auth.permission", "pk": 57, "fields": {"name": "Can delete tipo_direccion", "content_type": 19, "codename": "delete_tipo_direccion"}}, {"model": "auth.permission", "pk": 58, "fields": {"name": "Can add direcciones", "content_type": 20, "codename": "add_direcciones"}}, {"model": "auth.permission", "pk": 59, "fields": {"name": "Can change direcciones", "content_type": 20, "codename": "change_direcciones"}}, {"model": "auth.permission", "pk": 60, "fields": {"name": "Can delete direcciones", "content_type": 20, "codename": "delete_direcciones"}}, {"model": "auth.permission", "pk": 61, "fields": {"name": "Can add mail", "content_type": 21, "codename": "add_mail"}}, {"model": "auth.permission", "pk": 62, "fields": {"name": "Can change mail", "content_type": 21, "codename": "change_mail"}}, {"model": "auth.permission", "pk": 63, "fields": {"name": "Can delete mail", "content_type": 21, "codename": "delete_mail"}}, {"model": "auth.permission", "pk": 64, "fields": {"name": "Can add proveedor", "content_type": 22, "codename": "add_proveedor"}}, {"model": "auth.permission", "pk": 65, "fields": {"name": "Can change proveedor", "content_type": 22, "codename": "change_proveedor"}}, {"model": "auth.permission", "pk": 66, "fields": {"name": "Can delete proveedor", "content_type": 22, "codename": "delete_proveedor"}}, {"model": "auth.permission", "pk": 67, "fields": {"name": "Can add tipo_contacto", "content_type": 23, "codename": "add_tipo_contacto"}}, {"model": "auth.permission", "pk": 68, "fields": {"name": "Can change tipo_contacto", "content_type": 23, "codename": "change_tipo_contacto"}}, {"model": "auth.permission", "pk": 69, "fields": {"name": "Can delete tipo_contacto", "content_type": 23, "codename": "delete_tipo_contacto"}}, {"model": "auth.permission", "pk": 70, "fields": {"name": "Can add api", "content_type": 24, "codename": "add_api"}}, {"model": "auth.permission", "pk": 71, "fields": {"name": "Can change api", "content_type": 24, "codename": "change_api"}}, {"model": "auth.permission", "pk": 72, "fields": {"name": "Can delete api", "content_type": 24, "codename": "delete_api"}}, {"model": "auth.permission", "pk": 73, "fields": {"name": "Can add Agente", "content_type": 25, "codename": "add_agente"}}, {"model": "auth.permission", "pk": 74, "fields": {"name": "Can change Agente", "content_type": 25, "codename": "change_agente"}}, {"model": "auth.permission", "pk": 75, "fields": {"name": "Can delete Agente", "content_type": 25, "codename": "delete_agente"}}, {"model": "auth.permission", "pk": 76, "fields": {"name": "Can add estado", "content_type": 26, "codename": "add_estado"}}, {"model": "auth.permission", "pk": 77, "fields": {"name": "Can change estado", "content_type": 26, "codename": "change_estado"}}, {"model": "auth.permission", "pk": 78, "fields": {"name": "Can delete estado", "content_type": 26, "codename": "delete_estado"}}, {"model": "auth.permission", "pk": 79, "fields": {"name": "Can add supervisor", "content_type": 27, "codename": "add_supervisor"}}, {"model": "auth.permission", "pk": 80, "fields": {"name": "Can change supervisor", "content_type": 27, "codename": "change_supervisor"}}, {"model": "auth.permission", "pk": 81, "fields": {"name": "Can delete supervisor", "content_type": 27, "codename": "delete_supervisor"}}, {"model": "auth.permission", "pk": 82, "fields": {"name": "Can add cliente", "content_type": 28, "codename": "add_cliente"}}, {"model": "auth.permission", "pk": 83, "fields": {"name": "Can change cliente", "content_type": 28, "codename": "change_cliente"}}, {"model": "auth.permission", "pk": 84, "fields": {"name": "Can delete cliente", "content_type": 28, "codename": "delete_cliente"}}, {"model": "auth.permission", "pk": 85, "fields": {"name": "Can add campania", "content_type": 29, "codename": "add_campania"}}, {"model": "auth.permission", "pk": 86, "fields": {"name": "Can change campania", "content_type": 29, "codename": "change_campania"}}, {"model": "auth.permission", "pk": 87, "fields": {"name": "Can delete campania", "content_type": 29, "codename": "delete_campania"}}, {"model": "auth.permission", "pk": 88, "fields": {"name": "Can add base", "content_type": 30, "codename": "add_base"}}, {"model": "auth.permission", "pk": 89, "fields": {"name": "Can change base", "content_type": 30, "codename": "change_base"}}, {"model": "auth.permission", "pk": 90, "fields": {"name": "Can delete base", "content_type": 30, "codename": "delete_base"}}, {"model": "auth.permission", "pk": 91, "fields": {"name": "Can add estadocampania", "content_type": 31, "codename": "add_estadocampania"}}, {"model": "auth.permission", "pk": 92, "fields": {"name": "Can change estadocampania", "content_type": 31, "codename": "change_estadocampania"}}, {"model": "auth.permission", "pk": 93, "fields": {"name": "Can delete estadocampania", "content_type": 31, "codename": "delete_estadocampania"}}, {"model": "auth.permission", "pk": 94, "fields": {"name": "Can add d llamadas", "content_type": 32, "codename": "add_dllamadas"}}, {"model": "auth.permission", "pk": 95, "fields": {"name": "Can change d llamadas", "content_type": 32, "codename": "change_dllamadas"}}, {"model": "auth.permission", "pk": 96, "fields": {"name": "Can delete d llamadas", "content_type": 32, "codename": "delete_dllamadas"}}, {"model": "auth.permission", "pk": 97, "fields": {"name": "Can add d blaster", "content_type": 33, "codename": "add_dblaster"}}, {"model": "auth.permission", "pk": 98, "fields": {"name": "Can change d blaster", "content_type": 33, "codename": "change_dblaster"}}, {"model": "auth.permission", "pk": 99, "fields": {"name": "Can delete d blaster", "content_type": 33, "codename": "delete_dblaster"}}, {"model": "auth.permission", "pk": 100, "fields": {"name": "Can add api", "content_type": 34, "codename": "add_api"}}, {"model": "auth.permission", "pk": 101, "fields": {"name": "Can change api", "content_type": 34, "codename": "change_api"}}, {"model": "auth.permission", "pk": 102, "fields": {"name": "Can delete api", "content_type": 34, "codename": "delete_api"}}, {"model": "auth.permission", "pk": 103, "fields": {"name": "Can add cliente", "content_type": 35, "codename": "add_cliente"}}, {"model": "auth.permission", "pk": 104, "fields": {"name": "Can change cliente", "content_type": 35, "codename": "change_cliente"}}, {"model": "auth.permission", "pk": 105, "fields": {"name": "Can delete cliente", "content_type": 35, "codename": "delete_cliente"}}, {"model": "auth.permission", "pk": 106, "fields": {"name": "Can add d blaster", "content_type": 36, "codename": "add_dblaster"}}, {"model": "auth.permission", "pk": 107, "fields": {"name": "Can change d blaster", "content_type": 36, "codename": "change_dblaster"}}, {"model": "auth.permission", "pk": 108, "fields": {"name": "Can delete d blaster", "content_type": 36, "codename": "delete_dblaster"}}, {"model": "auth.permission", "pk": 109, "fields": {"name": "Can add estadocampania", "content_type": 37, "codename": "add_estadocampania"}}, {"model": "auth.permission", "pk": 110, "fields": {"name": "Can change estadocampania", "content_type": 37, "codename": "change_estadocampania"}}, {"model": "auth.permission", "pk": 111, "fields": {"name": "Can delete estadocampania", "content_type": 37, "codename": "delete_estadocampania"}}, {"model": "auth.permission", "pk": 112, "fields": {"name": "Can add base", "content_type": 38, "codename": "add_base"}}, {"model": "auth.permission", "pk": 113, "fields": {"name": "Can change base", "content_type": 38, "codename": "change_base"}}, {"model": "auth.permission", "pk": 114, "fields": {"name": "Can delete base", "content_type": 38, "codename": "delete_base"}}, {"model": "auth.permission", "pk": 115, "fields": {"name": "Can add d llamadas", "content_type": 39, "codename": "add_dllamadas"}}, {"model": "auth.permission", "pk": 116, "fields": {"name": "Can change d llamadas", "content_type": 39, "codename": "change_dllamadas"}}, {"model": "auth.permission", "pk": 117, "fields": {"name": "Can delete d llamadas", "content_type": 39, "codename": "delete_dllamadas"}}, {"model": "auth.permission", "pk": 118, "fields": {"name": "Can add campania", "content_type": 40, "codename": "add_campania"}}, {"model": "auth.permission", "pk": 119, "fields": {"name": "Can change campania", "content_type": 40, "codename": "change_campania"}}, {"model": "auth.permission", "pk": 120, "fields": {"name": "Can delete campania", "content_type": 40, "codename": "delete_campania"}}, {"model": "auth.permission", "pk": 121, "fields": {"name": "Can add estado", "content_type": 41, "codename": "add_estado"}}, {"model": "auth.permission", "pk": 122, "fields": {"name": "Can change estado", "content_type": 41, "codename": "change_estado"}}, {"model": "auth.permission", "pk": 123, "fields": {"name": "Can delete estado", "content_type": 41, "codename": "delete_estado"}}, {"model": "auth.permission", "pk": 124, "fields": {"name": "Can add supervisor", "content_type": 42, "codename": "add_supervisor"}}, {"model": "auth.permission", "pk": 125, "fields": {"name": "Can change supervisor", "content_type": 42, "codename": "change_supervisor"}}, {"model": "auth.permission", "pk": 126, "fields": {"name": "Can delete supervisor", "content_type": 42, "codename": "delete_supervisor"}}, {"model": "auth.permission", "pk": 127, "fields": {"name": "Can add Agente", "content_type": 43, "codename": "add_agente"}}, {"model": "auth.permission", "pk": 128, "fields": {"name": "Can change Agente", "content_type": 43, "codename": "change_agente"}}, {"model": "auth.permission", "pk": 129, "fields": {"name": "Can delete Agente", "content_type": 43, "codename": "delete_agente"}}, {"model": "auth.permission", "pk": 130, "fields": {"name": "Can add cuadrante", "content_type": 44, "codename": "add_cuadrante"}}, {"model": "auth.permission", "pk": 131, "fields": {"name": "Can change cuadrante", "content_type": 44, "codename": "change_cuadrante"}}, {"model": "auth.permission", "pk": 132, "fields": {"name": "Can delete cuadrante", "content_type": 44, "codename": "delete_cuadrante"}}, {"model": "auth.permission", "pk": 133, "fields": {"name": "Can add plano", "content_type": 45, "codename": "add_plano"}}, {"model": "auth.permission", "pk": 134, "fields": {"name": "Can change plano", "content_type": 45, "codename": "change_plano"}}, {"model": "auth.permission", "pk": 135, "fields": {"name": "Can delete plano", "content_type": 45, "codename": "delete_plano"}}, {"model": "auth.permission", "pk": 136, "fields": {"name": "Can add producto", "content_type": 46, "codename": "add_producto"}}, {"model": "auth.permission", "pk": 137, "fields": {"name": "Can change producto", "content_type": 46, "codename": "change_producto"}}, {"model": "auth.permission", "pk": 138, "fields": {"name": "Can delete producto", "content_type": 46, "codename": "delete_producto"}}, {"model": "auth.permission", "pk": 139, "fields": {"name": "Can add tipo_cartera", "content_type": 47, "codename": "add_tipo_cartera"}}, {"model": "auth.permission", "pk": 140, "fields": {"name": "Can change tipo_cartera", "content_type": 47, "codename": "change_tipo_cartera"}}, {"model": "auth.permission", "pk": 141, "fields": {"name": "Can delete tipo_cartera", "content_type": 47, "codename": "delete_tipo_cartera"}}, {"model": "auth.permission", "pk": 142, "fields": {"name": "Can add ubigeo", "content_type": 48, "codename": "add_ubigeo"}}, {"model": "auth.permission", "pk": 143, "fields": {"name": "Can change ubigeo", "content_type": 48, "codename": "change_ubigeo"}}, {"model": "auth.permission", "pk": 144, "fields": {"name": "Can delete ubigeo", "content_type": 48, "codename": "delete_ubigeo"}}, {"model": "auth.permission", "pk": 148, "fields": {"name": "Can add carteras proveedor", "content_type": 50, "codename": "add_carterasproveedor"}}, {"model": "auth.permission", "pk": 149, "fields": {"name": "Can change carteras proveedor", "content_type": 50, "codename": "change_carterasproveedor"}}, {"model": "auth.permission", "pk": 150, "fields": {"name": "Can delete carteras proveedor", "content_type": 50, "codename": "delete_carterasproveedor"}}, {"model": "auth.permission", "pk": 151, "fields": {"name": "Can add proveedor carteras", "content_type": 50, "codename": "add_proveedorcarteras"}}, {"model": "auth.permission", "pk": 152, "fields": {"name": "Can change proveedor carteras", "content_type": 50, "codename": "change_proveedorcarteras"}}, {"model": "auth.permission", "pk": 153, "fields": {"name": "Can delete proveedor carteras", "content_type": 50, "codename": "delete_proveedorcarteras"}}, {"model": "auth.permission", "pk": 154, "fields": {"name": "Can add sexo", "content_type": 51, "codename": "add_sexo"}}, {"model": "auth.permission", "pk": 155, "fields": {"name": "Can change sexo", "content_type": 51, "codename": "change_sexo"}}, {"model": "auth.permission", "pk": 156, "fields": {"name": "Can delete sexo", "content_type": 51, "codename": "delete_sexo"}}, {"model": "auth.permission", "pk": 157, "fields": {"name": "Can add sub_categoria", "content_type": 52, "codename": "add_sub_categoria"}}, {"model": "auth.permission", "pk": 158, "fields": {"name": "Can change sub_categoria", "content_type": 52, "codename": "change_sub_categoria"}}, {"model": "auth.permission", "pk": 159, "fields": {"name": "Can delete sub_categoria", "content_type": 52, "codename": "delete_sub_categoria"}}, {"model": "auth.permission", "pk": 160, "fields": {"name": "Can add resultado", "content_type": 53, "codename": "add_resultado"}}, {"model": "auth.permission", "pk": 161, "fields": {"name": "Can change resultado", "content_type": 53, "codename": "change_resultado"}}, {"model": "auth.permission", "pk": 162, "fields": {"name": "Can delete resultado", "content_type": 53, "codename": "delete_resultado"}}, {"model": "auth.permission", "pk": 163, "fields": {"name": "Can add gestion", "content_type": 54, "codename": "add_gestion"}}, {"model": "auth.permission", "pk": 164, "fields": {"name": "Can change gestion", "content_type": 54, "codename": "change_gestion"}}, {"model": "auth.permission", "pk": 165, "fields": {"name": "Can delete gestion", "content_type": 54, "codename": "delete_gestion"}}, {"model": "auth.permission", "pk": 166, "fields": {"name": "Can add industria", "content_type": 55, "codename": "add_industria"}}, {"model": "auth.permission", "pk": 167, "fields": {"name": "Can change industria", "content_type": 55, "codename": "change_industria"}}, {"model": "auth.permission", "pk": 168, "fields": {"name": "Can delete industria", "content_type": 55, "codename": "delete_industria"}}, {"model": "auth.permission", "pk": 169, "fields": {"name": "Can add id gestion", "content_type": 56, "codename": "add_idgestion"}}, {"model": "auth.permission", "pk": 170, "fields": {"name": "Can change id gestion", "content_type": 56, "codename": "change_idgestion"}}, {"model": "auth.permission", "pk": 171, "fields": {"name": "Can delete id gestion", "content_type": 56, "codename": "delete_idgestion"}}, {"model": "auth.permission", "pk": 172, "fields": {"name": "Can add subresultado", "content_type": 52, "codename": "add_subresultado"}}, {"model": "auth.permission", "pk": 173, "fields": {"name": "Can change subresultado", "content_type": 52, "codename": "change_subresultado"}}, {"model": "auth.permission", "pk": 174, "fields": {"name": "Can delete subresultado", "content_type": 52, "codename": "delete_subresultado"}}, {"model": "auth.permission", "pk": 175, "fields": {"name": "Can add negocio", "content_type": 57, "codename": "add_negocio"}}, {"model": "auth.permission", "pk": 176, "fields": {"name": "Can change negocio", "content_type": 57, "codename": "change_negocio"}}, {"model": "auth.permission", "pk": 177, "fields": {"name": "Can delete negocio", "content_type": 57, "codename": "delete_negocio"}}, {"model": "auth.permission", "pk": 178, "fields": {"name": "Can add score proveedor", "content_type": 58, "codename": "add_scoreproveedor"}}, {"model": "auth.permission", "pk": 179, "fields": {"name": "Can change score proveedor", "content_type": 58, "codename": "change_scoreproveedor"}}, {"model": "auth.permission", "pk": 180, "fields": {"name": "Can delete score proveedor", "content_type": 58, "codename": "delete_scoreproveedor"}}, {"model": "auth.permission", "pk": 184, "fields": {"name": "Can add estado score", "content_type": 60, "codename": "add_estadoscore"}}, {"model": "auth.permission", "pk": 185, "fields": {"name": "Can change estado score", "content_type": 60, "codename": "change_estadoscore"}}, {"model": "auth.permission", "pk": 186, "fields": {"name": "Can delete estado score", "content_type": 60, "codename": "delete_estadoscore"}}, {"model": "auth.group", "pk": 1, "fields": {"name": "Agente", "permissions": []}}, {"model": "auth.group", "pk": 2, "fields": {"name": "Admin", "permissions": [1, 2, 3, 10, 11, 12, 4, 5, 6, 7, 8, 9, 127, 128, 129, 100, 101, 102, 112, 113, 114, 118, 119, 120, 103, 104, 105, 106, 107, 108, 115, 116, 117, 121, 122, 123, 109, 110, 111, 124, 125, 126, 13, 14, 15, 19, 20, 21, 46, 47, 48, 37, 38, 39, 52, 53, 54, 58, 59, 60, 22, 23, 24, 49, 50, 51, 61, 62, 63, 64, 65, 66, 25, 26, 27, 28, 29, 30, 34, 35, 36, 67, 68, 69, 55, 56, 57, 40, 41, 42, 31, 32, 33, 43, 44, 45, 16, 17, 18, 73, 74, 75, 70, 71, 72, 88, 89, 90, 85, 86, 87, 82, 83, 84, 97, 98, 99, 94, 95, 96, 76, 77, 78, 91, 92, 93, 79, 80, 81]}}, {"model": "auth.group", "pk": 3, "fields": {"name": "Discador", "permissions": [19, 20, 21, 46, 47, 48, 37, 38, 39, 52, 53, 54, 58, 59, 60, 22, 23, 24, 49, 50, 51, 61, 62, 63, 64, 65, 66, 25, 26, 27, 28, 29, 30, 34, 35, 36, 67, 68, 69, 55, 56, 57, 40, 41, 42, 31, 32, 33, 43, 44, 45]}}, {"model": "auth.user", "pk": 1, "fields": {"password": "pbkdf2_sha256$30000$7bB6qX6qVvSd$0lb5gyxo6CNN4J2ZWIt+sjaxAg73Oda6qDZjn4O8MjM=", "last_login": "2018-12-18T22:49:23.370Z", "is_superuser": true, "username": "root", "first_name": "", "last_name": "", "email": "", "is_staff": true, "is_active": true, "date_joined": "2018-11-07T19:11:55Z", "groups": [2], "user_permissions": []}}, {"model": "auth.user", "pk": 2, "fields": {"password": "pbkdf2_sha256$30000$Tjwqg240qndi$2KV9ayJX3FfTowMM/v1p3Z/Uo0tafgiLJBpU1YCaFg8=", "last_login": "2018-11-07T20:47:21.401Z", "is_superuser": false, "username": "agente", "first_name": "", "last_name": "", "email": "", "is_staff": false, "is_active": true, "date_joined": "2018-11-07T20:16:46Z", "groups": [1], "user_permissions": []}}, {"model": "auth.user", "pk": 3, "fields": {"password": "pbkdf2_sha256$30000$yoOWmXoirgCt$4W1p4+1D537IstM38JaWxzH4jO/kS6Pi/ykQJwcwFy4=", "last_login": "2018-11-16T17:28:24.226Z", "is_superuser": false, "username": "napuri", "first_name": "", "last_name": "", "email": "", "is_staff": true, "is_active": true, "date_joined": "2018-11-07T21:08:07Z", "groups": [3], "user_permissions": []}}, {"model": "callcenter.agente", "pk": 1, "fields": {"anexo": null, "fono": null, "destino": null, "duracion": null, "atendidas": null, "contactadas": null, "estado": 1, "est_ag_predictivo": null, "canal": "", "user": 2, "supervisor": null, "fecha": "2018-11-07T20:16:07Z"}}, {"model": "callcenter.agente", "pk": 2, "fields": {"anexo": null, "fono": null, "destino": null, "duracion": null, "atendidas": null, "contactadas": null, "estado": null, "est_ag_predictivo": null, "canal": "", "user": 1, "supervisor": null, "fecha": "2018-11-07T20:37:28Z"}}, {"model": "admin.logentry", "pk": 1, "fields": {"action_time": "2018-11-07T20:16:46.941Z", "user": 1, "content_type": 3, "object_id": "2", "object_repr": "agente", "action_flag": 1, "change_message": "[{\"added\": {}}]"}}, {"model": "admin.logentry", "pk": 2, "fields": {"action_time": "2018-11-07T20:17:42.326Z", "user": 1, "content_type": 4, "object_id": "1", "object_repr": "Agente", "action_flag": 1, "change_message": "[{\"added\": {}}]"}}, {"model": "admin.logentry", "pk": 3, "fields": {"action_time": "2018-11-07T20:17:49.651Z", "user": 1, "content_type": 4, "object_id": "2", "object_repr": "Admin", "action_flag": 1, "change_message": "[{\"added\": {}}]"}}, {"model": "admin.logentry", "pk": 4, "fields": {"action_time": "2018-11-07T20:18:12.523Z", "user": 1, "content_type": 43, "object_id": "1", "object_repr": "Agente object", "action_flag": 1, "change_message": "[{\"added\": {}}]"}}, {"model": "admin.logentry", "pk": 5, "fields": {"action_time": "2018-11-07T20:36:49.997Z", "user": 1, "content_type": 41, "object_id": "1", "object_repr": "Disponible", "action_flag": 1, "change_message": "[{\"added\": {}}]"}}, {"model": "admin.logentry", "pk": 6, "fields": {"action_time": "2018-11-07T20:36:52.518Z", "user": 1, "content_type": 43, "object_id": "1", "object_repr": "Agente object", "action_flag": 2, "change_message": "[{\"changed\": {\"fields\": [\"estado\"]}}]"}}, {"model": "admin.logentry", "pk": 7, "fields": {"action_time": "2018-11-07T20:38:30.059Z", "user": 1, "content_type": 43, "object_id": "2", "object_repr": "Agente object", "action_flag": 1, "change_message": "[{\"added\": {}}]"}}, {"model": "admin.logentry", "pk": 8, "fields": {"action_time": "2018-11-07T20:38:47.902Z", "user": 1, "content_type": 3, "object_id": "1", "object_repr": "root", "action_flag": 2, "change_message": "[]"}}, {"model": "admin.logentry", "pk": 9, "fields": {"action_time": "2018-11-07T20:40:28.105Z", "user": 1, "content_type": 3, "object_id": "2", "object_repr": "agente", "action_flag": 2, "change_message": "[]"}}, {"model": "admin.logentry", "pk": 10, "fields": {"action_time": "2018-11-07T21:08:07.400Z", "user": 1, "content_type": 3, "object_id": "3", "object_repr": "napuri", "action_flag": 1, "change_message": "[{\"added\": {}}]"}}, {"model": "admin.logentry", "pk": 11, "fields": {"action_time": "2018-11-07T21:09:01.951Z", "user": 1, "content_type": 4, "object_id": "3", "object_repr": "discador", "action_flag": 1, "change_message": "[{\"added\": {}}]"}}, {"model": "admin.logentry", "pk": 12, "fields": {"action_time": "2018-11-07T21:09:29.778Z", "user": 1, "content_type": 4, "object_id": "3", "object_repr": "Discador", "action_flag": 2, "change_message": "[{\"changed\": {\"fields\": [\"name\"]}}]"}}, {"model": "admin.logentry", "pk": 13, "fields": {"action_time": "2018-11-07T21:09:43.579Z", "user": 1, "content_type": 3, "object_id": "3", "object_repr": "napuri", "action_flag": 2, "change_message": "[{\"changed\": {\"fields\": [\"is_staff\"]}}]"}}, {"model": "admin.logentry", "pk": 14, "fields": {"action_time": "2018-11-16T16:06:13.122Z", "user": 3, "content_type": 22, "object_id": "1", "object_repr": "Proveedor object", "action_flag": 1, "change_message": "[{\"added\": {}}]"}}, {"model": "admin.logentry", "pk": 15, "fields": {"action_time": "2018-11-16T16:06:20.995Z", "user": 3, "content_type": 22, "object_id": "2", "object_repr": "Proveedor object", "action_flag": 1, "change_message": "[{\"added\": {}}]"}}, {"model": "admin.logentry", "pk": 16, "fields": {"action_time": "2018-11-16T17:02:34.189Z", "user": 3, "content_type": 22, "object_id": "1", "object_repr": "Saga Falabella", "action_flag": 2, "change_message": "[{\"changed\": {\"fields\": [\"nombre\"]}}]"}}, {"model": "admin.logentry", "pk": 17, "fields": {"action_time": "2018-11-16T17:02:46.038Z", "user": 3, "content_type": 16, "object_id": "1", "object_repr": "Cartera object", "action_flag": 1, "change_message": "[{\"added\": {}}]"}}, {"model": "admin.logentry", "pk": 18, "fields": {"action_time": "2018-11-16T17:05:42.899Z", "user": 3, "content_type": 16, "object_id": "2", "object_repr": "Cartera object", "action_flag": 1, "change_message": "[{\"added\": {}}]"}}, {"model": "admin.logentry", "pk": 19, "fields": {"action_time": "2018-11-16T17:07:38.515Z", "user": 3, "content_type": 22, "object_id": "2", "object_repr": "Banco FInanciero", "action_flag": 2, "change_message": "[{\"changed\": {\"fields\": [\"nombre\"]}}]"}}, {"model": "admin.logentry", "pk": 20, "fields": {"action_time": "2018-11-16T17:07:51.917Z", "user": 3, "content_type": 22, "object_id": "1", "object_repr": "Banco Credito", "action_flag": 2, "change_message": "[{\"changed\": {\"fields\": [\"nombre\"]}}]"}}, {"model": "admin.logentry", "pk": 21, "fields": {"action_time": "2018-11-16T17:08:03.963Z", "user": 3, "content_type": 22, "object_id": "3", "object_repr": "Banco Interbank", "action_flag": 1, "change_message": "[{\"added\": {}}]"}}, {"model": "admin.logentry", "pk": 22, "fields": {"action_time": "2018-11-16T17:08:13.710Z", "user": 3, "content_type": 22, "object_id": "4", "object_repr": "Banco Comercio", "action_flag": 1, "change_message": "[{\"added\": {}}]"}}, {"model": "admin.logentry", "pk": 23, "fields": {"action_time": "2018-11-16T17:08:23.891Z", "user": 3, "content_type": 22, "object_id": "5", "object_repr": "Caja Arequipa", "action_flag": 1, "change_message": "[{\"added\": {}}]"}}, {"model": "admin.logentry", "pk": 24, "fields": {"action_time": "2018-11-16T17:08:37.324Z", "user": 3, "content_type": 22, "object_id": "6", "object_repr": "Financiera Compartamos", "action_flag": 1, "change_message": "[{\"added\": {}}]"}}, {"model": "admin.logentry", "pk": 25, "fields": {"action_time": "2018-11-16T17:08:46.254Z", "user": 3, "content_type": 22, "object_id": "7", "object_repr": "Crediscotia", "action_flag": 1, "change_message": "[{\"added\": {}}]"}}, {"model": "admin.logentry", "pk": 26, "fields": {"action_time": "2018-11-16T17:08:58.090Z", "user": 3, "content_type": 22, "object_id": "8", "object_repr": "Scotiabank", "action_flag": 1, "change_message": "[{\"added\": {}}]"}}, {"model": "admin.logentry", "pk": 27, "fields": {"action_time": "2018-11-16T17:09:10.859Z", "user": 3, "content_type": 22, "object_id": "9", "object_repr": "Nissan del Peru", "action_flag": 1, "change_message": "[{\"added\": {}}]"}}, {"model": "admin.logentry", "pk": 28, "fields": {"action_time": "2018-11-16T17:09:19.091Z", "user": 3, "content_type": 22, "object_id": "10", "object_repr": "Promart", "action_flag": 1, "change_message": "[{\"added\": {}}]"}}, {"model": "admin.logentry", "pk": 29, "fields": {"action_time": "2018-11-16T17:09:31.204Z", "user": 3, "content_type": 22, "object_id": "11", "object_repr": "Good Year Peru", "action_flag": 1, "change_message": "[{\"added\": {}}]"}}, {"model": "admin.logentry", "pk": 30, "fields": {"action_time": "2018-11-16T17:30:32.227Z", "user": 1, "content_type": 16, "object_id": "1", "object_repr": "Televenta", "action_flag": 2, "change_message": "[{\"changed\": {\"fields\": [\"nombre\"]}}]"}}, {"model": "admin.logentry", "pk": 31, "fields": {"action_time": "2018-11-16T17:30:40.172Z", "user": 1, "content_type": 16, "object_id": "3", "object_repr": "Marketing", "action_flag": 1, "change_message": "[{\"added\": {}}]"}}, {"model": "admin.logentry", "pk": 32, "fields": {"action_time": "2018-11-16T17:30:47.442Z", "user": 1, "content_type": 16, "object_id": "4", "object_repr": "Atencion al Cliente", "action_flag": 1, "change_message": "[{\"added\": {}}]"}}, {"model": "admin.logentry", "pk": 33, "fields": {"action_time": "2018-11-16T17:30:55.419Z", "user": 1, "content_type": 16, "object_id": "5", "object_repr": "Cobranza Preventiva", "action_flag": 1, "change_message": "[{\"added\": {}}]"}}, {"model": "admin.logentry", "pk": 34, "fields": {"action_time": "2018-11-16T17:31:05.727Z", "user": 1, "content_type": 16, "object_id": "6", "object_repr": "Cobranza Vigente", "action_flag": 1, "change_message": "[{\"added\": {}}]"}}, {"model": "admin.logentry", "pk": 35, "fields": {"action_time": "2018-11-16T17:31:16.068Z", "user": 1, "content_type": 16, "object_id": "7", "object_repr": "Cobranza Tardia", "action_flag": 1, "change_message": "[{\"added\": {}}]"}}, {"model": "admin.logentry", "pk": 36, "fields": {"action_time": "2018-11-16T17:31:24.101Z", "user": 1, "content_type": 16, "object_id": "8", "object_repr": "Cobranza Castigo", "action_flag": 1, "change_message": "[{\"added\": {}}]"}}, {"model": "admin.logentry", "pk": 37, "fields": {"action_time": "2018-11-16T17:31:34.490Z", "user": 1, "content_type": 16, "object_id": "9", "object_repr": "Cobranza Judicial", "action_flag": 1, "change_message": "[{\"added\": {}}]"}}, {"model": "admin.logentry", "pk": 38, "fields": {"action_time": "2018-11-16T17:31:51.203Z", "user": 1, "content_type": 16, "object_id": "10", "object_repr": "Facturas por cobrar", "action_flag": 1, "change_message": "[{\"added\": {}}]"}}, {"model": "admin.logentry", "pk": 39, "fields": {"action_time": "2018-11-16T17:32:03.589Z", "user": 1, "content_type": 50, "object_id": "1", "object_repr": "ProveedorCarteras object", "action_flag": 1, "change_message": "[{\"added\": {}}]"}}, {"model": "admin.logentry", "pk": 40, "fields": {"action_time": "2018-11-16T17:32:08.221Z", "user": 1, "content_type": 50, "object_id": "2", "object_repr": "ProveedorCarteras object", "action_flag": 1, "change_message": "[{\"added\": {}}]"}}, {"model": "admin.logentry", "pk": 41, "fields": {"action_time": "2018-11-16T17:32:14.657Z", "user": 1, "content_type": 50, "object_id": "3", "object_repr": "ProveedorCarteras object", "action_flag": 1, "change_message": "[{\"added\": {}}]"}}, {"model": "admin.logentry", "pk": 42, "fields": {"action_time": "2018-11-16T17:32:19.133Z", "user": 1, "content_type": 50, "object_id": "4", "object_repr": "ProveedorCarteras object", "action_flag": 1, "change_message": "[{\"added\": {}}]"}}, {"model": "admin.logentry", "pk": 43, "fields": {"action_time": "2018-11-16T17:32:24.285Z", "user": 1, "content_type": 50, "object_id": "5", "object_repr": "ProveedorCarteras object", "action_flag": 1, "change_message": "[{\"added\": {}}]"}}, {"model": "admin.logentry", "pk": 44, "fields": {"action_time": "2018-11-16T17:35:01.564Z", "user": 1, "content_type": 50, "object_id": "6", "object_repr": "ProveedorCarteras object", "action_flag": 1, "change_message": "[{\"added\": {}}]"}}, {"model": "admin.logentry", "pk": 45, "fields": {"action_time": "2018-11-16T17:35:11.106Z", "user": 1, "content_type": 50, "object_id": "7", "object_repr": "ProveedorCarteras object", "action_flag": 1, "change_message": "[{\"added\": {}}]"}}, {"model": "admin.logentry", "pk": 46, "fields": {"action_time": "2018-11-16T17:35:18.917Z", "user": 1, "content_type": 50, "object_id": "8", "object_repr": "ProveedorCarteras object", "action_flag": 1, "change_message": "[{\"added\": {}}]"}}, {"model": "admin.logentry", "pk": 47, "fields": {"action_time": "2018-11-16T18:01:58.937Z", "user": 1, "content_type": 51, "object_id": "1", "object_repr": "Sexo object", "action_flag": 1, "change_message": "[{\"added\": {}}]"}}, {"model": "admin.logentry", "pk": 48, "fields": {"action_time": "2018-11-27T16:35:47.256Z", "user": 1, "content_type": 7, "object_id": "1", "object_repr": "Agente object", "action_flag": 1, "change_message": "[{\"added\": {}}]"}}, {"model": "admin.logentry", "pk": 49, "fields": {"action_time": "2018-11-27T18:12:47.013Z", "user": 1, "content_type": 52, "object_id": "1", "object_repr": "Sub_categoria object", "action_flag": 1, "change_message": "[{\"added\": {}}]"}}, {"model": "admin.logentry", "pk": 50, "fields": {"action_time": "2018-11-27T18:13:00.282Z", "user": 1, "content_type": 9, "object_id": "1", "object_repr": "Score object", "action_flag": 1, "change_message": "[{\"added\": {}}]"}}, {"model": "admin.logentry", "pk": 51, "fields": {"action_time": "2018-11-27T18:17:36.473Z", "user": 1, "content_type": 52, "object_id": "2", "object_repr": "Sub_categoria object", "action_flag": 1, "change_message": "[{\"added\": {}}]"}}, {"model": "admin.logentry", "pk": 52, "fields": {"action_time": "2018-11-27T18:17:54.989Z", "user": 1, "content_type": 9, "object_id": "2", "object_repr": "Score object", "action_flag": 1, "change_message": "[{\"added\": {}}]"}}, {"model": "admin.logentry", "pk": 53, "fields": {"action_time": "2018-11-27T19:11:00.852Z", "user": 1, "content_type": 53, "object_id": "1", "object_repr": "Resultado object", "action_flag": 1, "change_message": "[{\"added\": {}}]"}}, {"model": "admin.logentry", "pk": 54, "fields": {"action_time": "2018-11-27T22:50:39.388Z", "user": 1, "content_type": 9, "object_id": "2", "object_repr": "Score object", "action_flag": 2, "change_message": "[{\"changed\": {\"fields\": [\"cartera\"]}}]"}}, {"model": "admin.logentry", "pk": 55, "fields": {"action_time": "2018-11-27T23:44:22.801Z", "user": 1, "content_type": 53, "object_id": "1", "object_repr": "Resultado object", "action_flag": 2, "change_message": "[]"}}, {"model": "admin.logentry", "pk": 56, "fields": {"action_time": "2018-11-27T23:44:53.985Z", "user": 1, "content_type": 9, "object_id": "1", "object_repr": "Score object", "action_flag": 2, "change_message": "[{\"changed\": {\"fields\": [\"resultado\"]}}]"}}, {"model": "admin.logentry", "pk": 57, "fields": {"action_time": "2018-11-27T23:45:00.399Z", "user": 1, "content_type": 9, "object_id": "2", "object_repr": "Score object", "action_flag": 2, "change_message": "[{\"changed\": {\"fields\": [\"resultado\"]}}]"}}, {"model": "admin.logentry", "pk": 58, "fields": {"action_time": "2018-11-30T22:47:24.903Z", "user": 1, "content_type": 7, "object_id": "2", "object_repr": "Agente object", "action_flag": 1, "change_message": "[{\"added\": {}}]"}}, {"model": "admin.logentry", "pk": 59, "fields": {"action_time": "2018-12-03T18:42:44.066Z", "user": 1, "content_type": 9, "object_id": "3", "object_repr": "Score object", "action_flag": 1, "change_message": "[{\"added\": {}}]"}}, {"model": "admin.logentry", "pk": 60, "fields": {"action_time": "2018-12-03T18:47:13.486Z", "user": 1, "content_type": 9, "object_id": "4", "object_repr": "Score object", "action_flag": 1, "change_message": "[{\"added\": {}}]"}}, {"model": "admin.logentry", "pk": 61, "fields": {"action_time": "2018-12-07T17:49:57.639Z", "user": 1, "content_type": 9, "object_id": "4", "object_repr": "Score object", "action_flag": 2, "change_message": "[{\"changed\": {\"fields\": [\"gestion\"]}}]"}}, {"model": "admin.logentry", "pk": 62, "fields": {"action_time": "2018-12-07T17:50:04.379Z", "user": 1, "content_type": 9, "object_id": "3", "object_repr": "Score object", "action_flag": 2, "change_message": "[{\"changed\": {\"fields\": [\"gestion\"]}}]"}}, {"model": "admin.logentry", "pk": 63, "fields": {"action_time": "2018-12-07T17:50:12.471Z", "user": 1, "content_type": 9, "object_id": "2", "object_repr": "Score object", "action_flag": 2, "change_message": "[{\"changed\": {\"fields\": [\"gestion\"]}}]"}}, {"model": "admin.logentry", "pk": 64, "fields": {"action_time": "2018-12-07T17:50:19.545Z", "user": 1, "content_type": 9, "object_id": "1", "object_repr": "Score object", "action_flag": 2, "change_message": "[{\"changed\": {\"fields\": [\"gestion\"]}}]"}}, {"model": "admin.logentry", "pk": 65, "fields": {"action_time": "2018-12-07T19:37:14.898Z", "user": 1, "content_type": 53, "object_id": "2", "object_repr": "Beta", "action_flag": 1, "change_message": "[{\"added\": {}}]"}}, {"model": "admin.logentry", "pk": 66, "fields": {"action_time": "2018-12-07T19:37:17.575Z", "user": 1, "content_type": 9, "object_id": "5", "object_repr": "Score object", "action_flag": 1, "change_message": "[{\"added\": {}}]"}}, {"model": "admin.logentry", "pk": 67, "fields": {"action_time": "2018-12-07T19:54:44.053Z", "user": 1, "content_type": 22, "object_id": "46", "object_repr": "ccc", "action_flag": 3, "change_message": ""}}, {"model": "admin.logentry", "pk": 68, "fields": {"action_time": "2018-12-07T19:54:44.060Z", "user": 1, "content_type": 22, "object_id": "45", "object_repr": "66", "action_flag": 3, "change_message": ""}}, {"model": "admin.logentry", "pk": 69, "fields": {"action_time": "2018-12-07T19:54:44.063Z", "user": 1, "content_type": 22, "object_id": "44", "object_repr": "kmkmk", "action_flag": 3, "change_message": ""}}, {"model": "admin.logentry", "pk": 70, "fields": {"action_time": "2018-12-07T19:54:44.066Z", "user": 1, "content_type": 22, "object_id": "43", "object_repr": "koko", "action_flag": 3, "change_message": ""}}, {"model": "admin.logentry", "pk": 71, "fields": {"action_time": "2018-12-07T19:54:44.071Z", "user": 1, "content_type": 22, "object_id": "42", "object_repr": "nnn", "action_flag": 3, "change_message": ""}}, {"model": "admin.logentry", "pk": 72, "fields": {"action_time": "2018-12-07T19:54:44.074Z", "user": 1, "content_type": 22, "object_id": "41", "object_repr": "mmm", "action_flag": 3, "change_message": ""}}, {"model": "admin.logentry", "pk": 73, "fields": {"action_time": "2018-12-07T19:54:44.077Z", "user": 1, "content_type": 22, "object_id": "40", "object_repr": "kkkooo", "action_flag": 3, "change_message": ""}}, {"model": "admin.logentry", "pk": 74, "fields": {"action_time": "2018-12-07T19:54:44.080Z", "user": 1, "content_type": 22, "object_id": "39", "object_repr": "opop", "action_flag": 3, "change_message": ""}}, {"model": "admin.logentry", "pk": 75, "fields": {"action_time": "2018-12-07T19:54:44.083Z", "user": 1, "content_type": 22, "object_id": "38", "object_repr": "\u00f1l\u00f1l", "action_flag": 3, "change_message": ""}}, {"model": "admin.logentry", "pk": 76, "fields": {"action_time": "2018-12-07T19:54:44.086Z", "user": 1, "content_type": 22, "object_id": "37", "object_repr": "kll", "action_flag": 3, "change_message": ""}}, {"model": "admin.logentry", "pk": 77, "fields": {"action_time": "2018-12-07T19:54:44.090Z", "user": 1, "content_type": 22, "object_id": "36", "object_repr": "klkl", "action_flag": 3, "change_message": ""}}, {"model": "admin.logentry", "pk": 78, "fields": {"action_time": "2018-12-07T19:54:44.093Z", "user": 1, "content_type": 22, "object_id": "35", "object_repr": "klkl", "action_flag": 3, "change_message": ""}}, {"model": "admin.logentry", "pk": 79, "fields": {"action_time": "2018-12-07T19:54:44.096Z", "user": 1, "content_type": 22, "object_id": "34", "object_repr": "pepito", "action_flag": 3, "change_message": ""}}, {"model": "admin.logentry", "pk": 80, "fields": {"action_time": "2018-12-07T19:54:44.099Z", "user": 1, "content_type": 22, "object_id": "33", "object_repr": "jjjj", "action_flag": 3, "change_message": ""}}, {"model": "admin.logentry", "pk": 81, "fields": {"action_time": "2018-12-07T19:54:44.103Z", "user": 1, "content_type": 22, "object_id": "32", "object_repr": "jjjj", "action_flag": 3, "change_message": ""}}, {"model": "admin.logentry", "pk": 82, "fields": {"action_time": "2018-12-07T19:54:44.108Z", "user": 1, "content_type": 22, "object_id": "31", "object_repr": "iii", "action_flag": 3, "change_message": ""}}, {"model": "admin.logentry", "pk": 83, "fields": {"action_time": "2018-12-07T19:54:44.111Z", "user": 1, "content_type": 22, "object_id": "30", "object_repr": "3333", "action_flag": 3, "change_message": ""}}, {"model": "admin.logentry", "pk": 84, "fields": {"action_time": "2018-12-07T19:54:44.114Z", "user": 1, "content_type": 22, "object_id": "29", "object_repr": "33", "action_flag": 3, "change_message": ""}}, {"model": "admin.logentry", "pk": 85, "fields": {"action_time": "2018-12-07T19:54:44.118Z", "user": 1, "content_type": 22, "object_id": "28", "object_repr": "ttt", "action_flag": 3, "change_message": ""}}, {"model": "admin.logentry", "pk": 86, "fields": {"action_time": "2018-12-07T19:54:44.122Z", "user": 1, "content_type": 22, "object_id": "27", "object_repr": "Me vieron", "action_flag": 3, "change_message": ""}}, {"model": "admin.logentry", "pk": 87, "fields": {"action_time": "2018-12-07T19:54:44.126Z", "user": 1, "content_type": 22, "object_id": "26", "object_repr": "Me", "action_flag": 3, "change_message": ""}}, {"model": "admin.logentry", "pk": 88, "fields": {"action_time": "2018-12-07T19:54:44.130Z", "user": 1, "content_type": 22, "object_id": "25", "object_repr": "Ujio", "action_flag": 3, "change_message": ""}}, {"model": "admin.logentry", "pk": 89, "fields": {"action_time": "2018-12-07T19:54:44.133Z", "user": 1, "content_type": 22, "object_id": "24", "object_repr": "yyy", "action_flag": 3, "change_message": ""}}, {"model": "admin.logentry", "pk": 90, "fields": {"action_time": "2018-12-07T19:54:44.137Z", "user": 1, "content_type": 22, "object_id": "23", "object_repr": "", "action_flag": 3, "change_message": ""}}, {"model": "admin.logentry", "pk": 91, "fields": {"action_time": "2018-12-07T19:54:44.140Z", "user": 1, "content_type": 22, "object_id": "22", "object_repr": "", "action_flag": 3, "change_message": ""}}, {"model": "admin.logentry", "pk": 92, "fields": {"action_time": "2018-12-07T19:54:44.143Z", "user": 1, "content_type": 22, "object_id": "21", "object_repr": "ee", "action_flag": 3, "change_message": ""}}, {"model": "admin.logentry", "pk": 93, "fields": {"action_time": "2018-12-07T19:54:44.146Z", "user": 1, "content_type": 22, "object_id": "20", "object_repr": "99", "action_flag": 3, "change_message": ""}}, {"model": "admin.logentry", "pk": 94, "fields": {"action_time": "2018-12-07T19:54:44.149Z", "user": 1, "content_type": 22, "object_id": "19", "object_repr": "ooo", "action_flag": 3, "change_message": ""}}, {"model": "admin.logentry", "pk": 95, "fields": {"action_time": "2018-12-07T19:54:44.154Z", "user": 1, "content_type": 22, "object_id": "18", "object_repr": "dsd", "action_flag": 3, "change_message": ""}}, {"model": "admin.logentry", "pk": 96, "fields": {"action_time": "2018-12-07T19:54:44.157Z", "user": 1, "content_type": 22, "object_id": "17", "object_repr": "rrr", "action_flag": 3, "change_message": ""}}, {"model": "admin.logentry", "pk": 97, "fields": {"action_time": "2018-12-07T19:54:44.163Z", "user": 1, "content_type": 22, "object_id": "16", "object_repr": "rr", "action_flag": 3, "change_message": ""}}, {"model": "admin.logentry", "pk": 98, "fields": {"action_time": "2018-12-07T19:54:44.166Z", "user": 1, "content_type": 22, "object_id": "15", "object_repr": "tt", "action_flag": 3, "change_message": ""}}, {"model": "admin.logentry", "pk": 99, "fields": {"action_time": "2018-12-07T19:54:44.169Z", "user": 1, "content_type": 22, "object_id": "14", "object_repr": "irir", "action_flag": 3, "change_message": ""}}, {"model": "admin.logentry", "pk": 100, "fields": {"action_time": "2018-12-07T19:54:44.173Z", "user": 1, "content_type": 22, "object_id": "13", "object_repr": "OLLLLLL", "action_flag": 3, "change_message": ""}}, {"model": "admin.logentry", "pk": 101, "fields": {"action_time": "2018-12-07T21:19:04.391Z", "user": 1, "content_type": 9, "object_id": "5", "object_repr": "Score object", "action_flag": 2, "change_message": "[{\"changed\": {\"fields\": [\"estado\"]}}]"}}, {"model": "admin.logentry", "pk": 102, "fields": {"action_time": "2018-12-07T21:35:56.158Z", "user": 1, "content_type": 9, "object_id": "1", "object_repr": "Score object", "action_flag": 2, "change_message": "[{\"changed\": {\"fields\": [\"estado\"]}}]"}}, {"model": "admin.logentry", "pk": 103, "fields": {"action_time": "2018-12-07T21:41:36.011Z", "user": 1, "content_type": 9, "object_id": "1", "object_repr": "Score object", "action_flag": 2, "change_message": "[{\"changed\": {\"fields\": [\"estado\"]}}]"}}, {"model": "admin.logentry", "pk": 104, "fields": {"action_time": "2018-12-07T21:41:41.801Z", "user": 1, "content_type": 9, "object_id": "1", "object_repr": "Score object", "action_flag": 2, "change_message": "[{\"changed\": {\"fields\": [\"estado\"]}}]"}}, {"model": "admin.logentry", "pk": 105, "fields": {"action_time": "2018-12-07T21:41:55.003Z", "user": 1, "content_type": 9, "object_id": "1", "object_repr": "Score object", "action_flag": 2, "change_message": "[{\"changed\": {\"fields\": [\"estado\"]}}]"}}, {"model": "admin.logentry", "pk": 106, "fields": {"action_time": "2018-12-07T21:43:47.135Z", "user": 1, "content_type": 9, "object_id": "2", "object_repr": "Score object", "action_flag": 2, "change_message": "[{\"changed\": {\"fields\": [\"estado\"]}}]"}}, {"model": "admin.logentry", "pk": 107, "fields": {"action_time": "2018-12-07T21:56:00.481Z", "user": 1, "content_type": 22, "object_id": "2", "object_repr": "Banco Financiero", "action_flag": 2, "change_message": "[{\"changed\": {\"fields\": [\"nombre\"]}}]"}}, {"model": "admin.logentry", "pk": 108, "fields": {"action_time": "2018-12-08T15:32:32.777Z", "user": 1, "content_type": 9, "object_id": "5", "object_repr": "Score object", "action_flag": 2, "change_message": "[{\"changed\": {\"fields\": [\"peso\"]}}]"}}, {"model": "admin.logentry", "pk": 109, "fields": {"action_time": "2018-12-08T15:32:32.798Z", "user": 1, "content_type": 9, "object_id": "2", "object_repr": "Score object", "action_flag": 2, "change_message": "[{\"changed\": {\"fields\": [\"peso\"]}}]"}}, {"model": "admin.logentry", "pk": 110, "fields": {"action_time": "2018-12-08T15:32:32.806Z", "user": 1, "content_type": 9, "object_id": "1", "object_repr": "Score object", "action_flag": 2, "change_message": "[{\"changed\": {\"fields\": [\"peso\"]}}]"}}, {"model": "admin.logentry", "pk": 111, "fields": {"action_time": "2018-12-12T17:45:48.316Z", "user": 1, "content_type": 50, "object_id": "9", "object_repr": "ProveedorCarteras object", "action_flag": 1, "change_message": "[{\"added\": {}}]"}}, {"model": "admin.logentry", "pk": 112, "fields": {"action_time": "2018-12-12T18:30:36.432Z", "user": 1, "content_type": 54, "object_id": "9", "object_repr": "Sin Gestion", "action_flag": 3, "change_message": ""}}, {"model": "admin.logentry", "pk": 113, "fields": {"action_time": "2018-12-12T18:30:36.445Z", "user": 1, "content_type": 54, "object_id": "8", "object_repr": "Masivo", "action_flag": 3, "change_message": ""}}, {"model": "admin.logentry", "pk": 114, "fields": {"action_time": "2018-12-12T18:30:36.448Z", "user": 1, "content_type": 54, "object_id": "7", "object_repr": "Localizado", "action_flag": 3, "change_message": ""}}, {"model": "admin.logentry", "pk": 115, "fields": {"action_time": "2018-12-12T18:30:36.452Z", "user": 1, "content_type": 54, "object_id": "6", "object_repr": "No Contacto", "action_flag": 3, "change_message": ""}}, {"model": "admin.logentry", "pk": 116, "fields": {"action_time": "2018-12-12T18:30:36.455Z", "user": 1, "content_type": 54, "object_id": "5", "object_repr": "Mensaje", "action_flag": 3, "change_message": ""}}, {"model": "admin.logentry", "pk": 117, "fields": {"action_time": "2018-12-12T18:30:36.459Z", "user": 1, "content_type": 54, "object_id": "4", "object_repr": "Contacto", "action_flag": 3, "change_message": ""}}, {"model": "admin.logentry", "pk": 118, "fields": {"action_time": "2018-12-12T18:30:36.462Z", "user": 1, "content_type": 54, "object_id": "3", "object_repr": "Promesa", "action_flag": 3, "change_message": ""}}, {"model": "admin.logentry", "pk": 119, "fields": {"action_time": "2018-12-12T18:30:36.465Z", "user": 1, "content_type": 54, "object_id": "2", "object_repr": "kjkj", "action_flag": 3, "change_message": ""}}, {"model": "admin.logentry", "pk": 120, "fields": {"action_time": "2018-12-12T18:30:36.468Z", "user": 1, "content_type": 54, "object_id": "1", "object_repr": "nnn", "action_flag": 3, "change_message": ""}}, {"model": "admin.logentry", "pk": 121, "fields": {"action_time": "2018-12-12T18:30:43.020Z", "user": 1, "content_type": 54, "object_id": "10", "object_repr": "Directo", "action_flag": 1, "change_message": "[{\"added\": {}}]"}}, {"model": "admin.logentry", "pk": 122, "fields": {"action_time": "2018-12-12T18:30:52.131Z", "user": 1, "content_type": 54, "object_id": "11", "object_repr": "Indirecto", "action_flag": 1, "change_message": "[{\"added\": {}}]"}}, {"model": "admin.logentry", "pk": 123, "fields": {"action_time": "2018-12-12T18:30:58.126Z", "user": 1, "content_type": 54, "object_id": "12", "object_repr": "No Contacto", "action_flag": 1, "change_message": "[{\"added\": {}}]"}}, {"model": "admin.logentry", "pk": 124, "fields": {"action_time": "2018-12-12T18:45:37.730Z", "user": 1, "content_type": 56, "object_id": "1", "object_repr": "Promesa", "action_flag": 1, "change_message": "[{\"added\": {}}]"}}, {"model": "admin.logentry", "pk": 125, "fields": {"action_time": "2018-12-12T18:45:44.495Z", "user": 1, "content_type": 56, "object_id": "2", "object_repr": "Contacto", "action_flag": 1, "change_message": "[{\"added\": {}}]"}}, {"model": "admin.logentry", "pk": 126, "fields": {"action_time": "2018-12-12T18:45:59.993Z", "user": 1, "content_type": 56, "object_id": "3", "object_repr": "Mensaje Tercero", "action_flag": 1, "change_message": "[{\"added\": {}}]"}}, {"model": "admin.logentry", "pk": 127, "fields": {"action_time": "2018-12-12T18:46:11.007Z", "user": 1, "content_type": 56, "object_id": "4", "object_repr": "No Contacto", "action_flag": 1, "change_message": "[{\"added\": {}}]"}}, {"model": "admin.logentry", "pk": 128, "fields": {"action_time": "2018-12-12T18:46:20.524Z", "user": 1, "content_type": 56, "object_id": "5", "object_repr": "Ilocalizado", "action_flag": 1, "change_message": "[{\"added\": {}}]"}}, {"model": "admin.logentry", "pk": 129, "fields": {"action_time": "2018-12-12T18:46:51.338Z", "user": 1, "content_type": 9, "object_id": "1", "object_repr": "Score object", "action_flag": 1, "change_message": "[{\"added\": {}}]"}}, {"model": "admin.logentry", "pk": 130, "fields": {"action_time": "2018-12-12T18:58:45.801Z", "user": 1, "content_type": 9, "object_id": "1", "object_repr": "Score object", "action_flag": 2, "change_message": "[]"}}, {"model": "admin.logentry", "pk": 131, "fields": {"action_time": "2018-12-12T18:59:06.675Z", "user": 1, "content_type": 9, "object_id": "2", "object_repr": "Score object", "action_flag": 1, "change_message": "[{\"added\": {}}]"}}, {"model": "admin.logentry", "pk": 132, "fields": {"action_time": "2018-12-12T18:59:25.278Z", "user": 1, "content_type": 9, "object_id": "3", "object_repr": "Score object", "action_flag": 1, "change_message": "[{\"added\": {}}]"}}, {"model": "admin.logentry", "pk": 133, "fields": {"action_time": "2018-12-12T20:46:40.425Z", "user": 1, "content_type": 55, "object_id": "1", "object_repr": "Gaseosas", "action_flag": 1, "change_message": "[{\"added\": {}}]"}}, {"model": "admin.logentry", "pk": 134, "fields": {"action_time": "2018-12-12T20:46:41.884Z", "user": 1, "content_type": 22, "object_id": "12", "object_repr": "San Mateo", "action_flag": 2, "change_message": "[{\"changed\": {\"fields\": [\"nombre\", \"industria\"]}}]"}}, {"model": "admin.logentry", "pk": 135, "fields": {"action_time": "2018-12-12T20:47:18.669Z", "user": 1, "content_type": 50, "object_id": "10", "object_repr": "ProveedorCarteras object", "action_flag": 1, "change_message": "[{\"added\": {}}]"}}, {"model": "admin.logentry", "pk": 136, "fields": {"action_time": "2018-12-12T21:34:07.716Z", "user": 1, "content_type": 9, "object_id": "4", "object_repr": "Score object", "action_flag": 1, "change_message": "[{\"added\": {}}]"}}, {"model": "admin.logentry", "pk": 137, "fields": {"action_time": "2018-12-12T21:34:35.051Z", "user": 1, "content_type": 9, "object_id": "5", "object_repr": "Score object", "action_flag": 1, "change_message": "[{\"added\": {}}]"}}, {"model": "admin.logentry", "pk": 138, "fields": {"action_time": "2018-12-12T21:49:16.784Z", "user": 1, "content_type": 9, "object_id": "2", "object_repr": "Score object", "action_flag": 2, "change_message": "[{\"changed\": {\"fields\": [\"id_gestion\"]}}]"}}, {"model": "admin.logentry", "pk": 139, "fields": {"action_time": "2018-12-12T22:11:11.256Z", "user": 1, "content_type": 9, "object_id": "1", "object_repr": "Score object", "action_flag": 2, "change_message": "[{\"changed\": {\"fields\": [\"resultado\"]}}]"}}, {"model": "admin.logentry", "pk": 140, "fields": {"action_time": "2018-12-12T22:11:59.301Z", "user": 1, "content_type": 9, "object_id": "6", "object_repr": "Score object", "action_flag": 1, "change_message": "[{\"added\": {}}]"}}, {"model": "admin.logentry", "pk": 141, "fields": {"action_time": "2018-12-12T22:12:52.550Z", "user": 1, "content_type": 53, "object_id": "3", "object_repr": "Alfa", "action_flag": 1, "change_message": "[{\"added\": {}}]"}}, {"model": "admin.logentry", "pk": 142, "fields": {"action_time": "2018-12-12T22:12:56.195Z", "user": 1, "content_type": 9, "object_id": "7", "object_repr": "Score object", "action_flag": 1, "change_message": "[{\"added\": {}}]"}}, {"model": "admin.logentry", "pk": 143, "fields": {"action_time": "2018-12-12T22:27:27.905Z", "user": 1, "content_type": 9, "object_id": "7", "object_repr": "Score object", "action_flag": 2, "change_message": "[{\"changed\": {\"fields\": [\"subresultado\"]}}]"}}, {"model": "admin.logentry", "pk": 144, "fields": {"action_time": "2018-12-12T22:27:46.260Z", "user": 1, "content_type": 9, "object_id": "6", "object_repr": "Score object", "action_flag": 2, "change_message": "[{\"changed\": {\"fields\": [\"resultado\"]}}]"}}, {"model": "admin.logentry", "pk": 145, "fields": {"action_time": "2018-12-12T22:28:08.938Z", "user": 1, "content_type": 9, "object_id": "8", "object_repr": "Score object", "action_flag": 1, "change_message": "[{\"added\": {}}]"}}, {"model": "admin.logentry", "pk": 146, "fields": {"action_time": "2018-12-12T23:04:36.232Z", "user": 1, "content_type": 18, "object_id": "1", "object_repr": "Cuentas object", "action_flag": 1, "change_message": "[{\"added\": {}}]"}}, {"model": "admin.logentry", "pk": 147, "fields": {"action_time": "2018-12-13T00:31:41.294Z", "user": 1, "content_type": 50, "object_id": "11", "object_repr": "ProveedorCarteras object", "action_flag": 1, "change_message": "[{\"added\": {}}]"}}, {"model": "admin.logentry", "pk": 148, "fields": {"action_time": "2018-12-13T00:31:48.675Z", "user": 1, "content_type": 50, "object_id": "12", "object_repr": "ProveedorCarteras object", "action_flag": 1, "change_message": "[{\"added\": {}}]"}}, {"model": "admin.logentry", "pk": 149, "fields": {"action_time": "2018-12-13T00:31:55.852Z", "user": 1, "content_type": 50, "object_id": "13", "object_repr": "ProveedorCarteras object", "action_flag": 1, "change_message": "[{\"added\": {}}]"}}, {"model": "admin.logentry", "pk": 150, "fields": {"action_time": "2018-12-13T00:32:03.318Z", "user": 1, "content_type": 50, "object_id": "14", "object_repr": "ProveedorCarteras object", "action_flag": 1, "change_message": "[{\"added\": {}}]"}}, {"model": "admin.logentry", "pk": 151, "fields": {"action_time": "2018-12-13T00:38:23.030Z", "user": 1, "content_type": 50, "object_id": "15", "object_repr": "ProveedorCarteras object", "action_flag": 1, "change_message": "[{\"added\": {}}]"}}, {"model": "admin.logentry", "pk": 152, "fields": {"action_time": "2018-12-13T00:49:16.766Z", "user": 1, "content_type": 55, "object_id": "2", "object_repr": "Finanzas", "action_flag": 1, "change_message": "[{\"added\": {}}]"}}, {"model": "admin.logentry", "pk": 153, "fields": {"action_time": "2018-12-13T00:49:20.473Z", "user": 1, "content_type": 22, "object_id": "13", "object_repr": "Banco Iluminati", "action_flag": 1, "change_message": "[{\"added\": {}}]"}}, {"model": "admin.logentry", "pk": 154, "fields": {"action_time": "2018-12-13T00:51:09.406Z", "user": 1, "content_type": 50, "object_id": "16", "object_repr": "ProveedorCarteras object", "action_flag": 1, "change_message": "[{\"added\": {}}]"}}, {"model": "admin.logentry", "pk": 155, "fields": {"action_time": "2018-12-13T00:53:34.292Z", "user": 1, "content_type": 50, "object_id": "17", "object_repr": "ProveedorCarteras object", "action_flag": 1, "change_message": "[{\"added\": {}}]"}}, {"model": "admin.logentry", "pk": 156, "fields": {"action_time": "2018-12-13T00:56:06.505Z", "user": 1, "content_type": 9, "object_id": "9", "object_repr": "Score object", "action_flag": 1, "change_message": "[{\"added\": {}}]"}}, {"model": "admin.logentry", "pk": 157, "fields": {"action_time": "2018-12-13T00:56:39.871Z", "user": 1, "content_type": 9, "object_id": "10", "object_repr": "Score object", "action_flag": 1, "change_message": "[{\"added\": {}}]"}}, {"model": "admin.logentry", "pk": 158, "fields": {"action_time": "2018-12-13T02:01:36.052Z", "user": 1, "content_type": 9, "object_id": "10", "object_repr": "Score object", "action_flag": 2, "change_message": "[{\"changed\": {\"fields\": [\"peso\"]}}]"}}, {"model": "admin.logentry", "pk": 159, "fields": {"action_time": "2018-12-13T02:01:36.062Z", "user": 1, "content_type": 9, "object_id": "9", "object_repr": "Score object", "action_flag": 2, "change_message": "[{\"changed\": {\"fields\": [\"peso\"]}}]"}}, {"model": "admin.logentry", "pk": 160, "fields": {"action_time": "2018-12-13T19:32:21.031Z", "user": 1, "content_type": 57, "object_id": "1", "object_repr": "ATC", "action_flag": 1, "change_message": "[{\"added\": {}}]"}}, {"model": "admin.logentry", "pk": 161, "fields": {"action_time": "2018-12-13T19:32:27.036Z", "user": 1, "content_type": 57, "object_id": "2", "object_repr": "VENTAS", "action_flag": 1, "change_message": "[{\"added\": {}}]"}}, {"model": "admin.logentry", "pk": 162, "fields": {"action_time": "2018-12-13T19:32:33.946Z", "user": 1, "content_type": 57, "object_id": "3", "object_repr": "COBRANZAS", "action_flag": 1, "change_message": "[{\"added\": {}}]"}}, {"model": "admin.logentry", "pk": 163, "fields": {"action_time": "2018-12-17T15:49:12.789Z", "user": 1, "content_type": 50, "object_id": "56", "object_repr": "ProveedorCarteras object", "action_flag": 3, "change_message": ""}}, {"model": "admin.logentry", "pk": 164, "fields": {"action_time": "2018-12-17T15:49:12.796Z", "user": 1, "content_type": 50, "object_id": "51", "object_repr": "ProveedorCarteras object", "action_flag": 3, "change_message": ""}}, {"model": "admin.logentry", "pk": 165, "fields": {"action_time": "2018-12-17T15:49:12.799Z", "user": 1, "content_type": 50, "object_id": "50", "object_repr": "ProveedorCarteras object", "action_flag": 3, "change_message": ""}}, {"model": "admin.logentry", "pk": 166, "fields": {"action_time": "2018-12-17T15:49:12.802Z", "user": 1, "content_type": 50, "object_id": "49", "object_repr": "ProveedorCarteras object", "action_flag": 3, "change_message": ""}}, {"model": "admin.logentry", "pk": 167, "fields": {"action_time": "2018-12-17T15:49:12.806Z", "user": 1, "content_type": 50, "object_id": "48", "object_repr": "ProveedorCarteras object", "action_flag": 3, "change_message": ""}}, {"model": "admin.logentry", "pk": 168, "fields": {"action_time": "2018-12-17T15:49:12.810Z", "user": 1, "content_type": 50, "object_id": "47", "object_repr": "ProveedorCarteras object", "action_flag": 3, "change_message": ""}}, {"model": "admin.logentry", "pk": 169, "fields": {"action_time": "2018-12-17T15:49:12.813Z", "user": 1, "content_type": 50, "object_id": "46", "object_repr": "ProveedorCarteras object", "action_flag": 3, "change_message": ""}}, {"model": "admin.logentry", "pk": 170, "fields": {"action_time": "2018-12-17T15:49:12.817Z", "user": 1, "content_type": 50, "object_id": "45", "object_repr": "ProveedorCarteras object", "action_flag": 3, "change_message": ""}}, {"model": "admin.logentry", "pk": 171, "fields": {"action_time": "2018-12-17T15:49:12.820Z", "user": 1, "content_type": 50, "object_id": "44", "object_repr": "ProveedorCarteras object", "action_flag": 3, "change_message": ""}}, {"model": "admin.logentry", "pk": 172, "fields": {"action_time": "2018-12-17T15:49:12.825Z", "user": 1, "content_type": 50, "object_id": "43", "object_repr": "ProveedorCarteras object", "action_flag": 3, "change_message": ""}}, {"model": "admin.logentry", "pk": 173, "fields": {"action_time": "2018-12-17T15:49:12.829Z", "user": 1, "content_type": 50, "object_id": "42", "object_repr": "ProveedorCarteras object", "action_flag": 3, "change_message": ""}}, {"model": "admin.logentry", "pk": 174, "fields": {"action_time": "2018-12-17T15:49:12.833Z", "user": 1, "content_type": 50, "object_id": "41", "object_repr": "ProveedorCarteras object", "action_flag": 3, "change_message": ""}}, {"model": "admin.logentry", "pk": 175, "fields": {"action_time": "2018-12-17T15:49:12.837Z", "user": 1, "content_type": 50, "object_id": "40", "object_repr": "ProveedorCarteras object", "action_flag": 3, "change_message": ""}}, {"model": "admin.logentry", "pk": 176, "fields": {"action_time": "2018-12-17T15:49:12.842Z", "user": 1, "content_type": 50, "object_id": "39", "object_repr": "ProveedorCarteras object", "action_flag": 3, "change_message": ""}}, {"model": "admin.logentry", "pk": 177, "fields": {"action_time": "2018-12-17T15:49:12.846Z", "user": 1, "content_type": 50, "object_id": "38", "object_repr": "ProveedorCarteras object", "action_flag": 3, "change_message": ""}}, {"model": "admin.logentry", "pk": 178, "fields": {"action_time": "2018-12-17T15:49:12.850Z", "user": 1, "content_type": 50, "object_id": "37", "object_repr": "ProveedorCarteras object", "action_flag": 3, "change_message": ""}}, {"model": "admin.logentry", "pk": 179, "fields": {"action_time": "2018-12-17T15:49:12.856Z", "user": 1, "content_type": 50, "object_id": "36", "object_repr": "ProveedorCarteras object", "action_flag": 3, "change_message": ""}}, {"model": "admin.logentry", "pk": 180, "fields": {"action_time": "2018-12-17T15:49:12.864Z", "user": 1, "content_type": 50, "object_id": "35", "object_repr": "ProveedorCarteras object", "action_flag": 3, "change_message": ""}}, {"model": "admin.logentry", "pk": 181, "fields": {"action_time": "2018-12-17T15:49:12.868Z", "user": 1, "content_type": 50, "object_id": "34", "object_repr": "ProveedorCarteras object", "action_flag": 3, "change_message": ""}}, {"model": "admin.logentry", "pk": 182, "fields": {"action_time": "2018-12-17T15:49:12.871Z", "user": 1, "content_type": 50, "object_id": "33", "object_repr": "ProveedorCarteras object", "action_flag": 3, "change_message": ""}}, {"model": "admin.logentry", "pk": 183, "fields": {"action_time": "2018-12-17T15:49:12.874Z", "user": 1, "content_type": 50, "object_id": "32", "object_repr": "ProveedorCarteras object", "action_flag": 3, "change_message": ""}}, {"model": "admin.logentry", "pk": 184, "fields": {"action_time": "2018-12-17T15:49:12.879Z", "user": 1, "content_type": 50, "object_id": "31", "object_repr": "ProveedorCarteras object", "action_flag": 3, "change_message": ""}}, {"model": "admin.logentry", "pk": 185, "fields": {"action_time": "2018-12-17T15:49:12.883Z", "user": 1, "content_type": 50, "object_id": "28", "object_repr": "ProveedorCarteras object", "action_flag": 3, "change_message": ""}}, {"model": "admin.logentry", "pk": 186, "fields": {"action_time": "2018-12-17T15:49:12.887Z", "user": 1, "content_type": 50, "object_id": "27", "object_repr": "ProveedorCarteras object", "action_flag": 3, "change_message": ""}}, {"model": "admin.logentry", "pk": 187, "fields": {"action_time": "2018-12-17T15:49:12.890Z", "user": 1, "content_type": 50, "object_id": "26", "object_repr": "ProveedorCarteras object", "action_flag": 3, "change_message": ""}}, {"model": "admin.logentry", "pk": 188, "fields": {"action_time": "2018-12-17T15:49:12.895Z", "user": 1, "content_type": 50, "object_id": "25", "object_repr": "ProveedorCarteras object", "action_flag": 3, "change_message": ""}}, {"model": "admin.logentry", "pk": 189, "fields": {"action_time": "2018-12-17T15:49:12.899Z", "user": 1, "content_type": 50, "object_id": "24", "object_repr": "ProveedorCarteras object", "action_flag": 3, "change_message": ""}}, {"model": "admin.logentry", "pk": 190, "fields": {"action_time": "2018-12-17T15:49:12.903Z", "user": 1, "content_type": 50, "object_id": "23", "object_repr": "ProveedorCarteras object", "action_flag": 3, "change_message": ""}}, {"model": "admin.logentry", "pk": 191, "fields": {"action_time": "2018-12-17T15:49:12.908Z", "user": 1, "content_type": 50, "object_id": "22", "object_repr": "ProveedorCarteras object", "action_flag": 3, "change_message": ""}}, {"model": "admin.logentry", "pk": 192, "fields": {"action_time": "2018-12-17T15:49:12.911Z", "user": 1, "content_type": 50, "object_id": "21", "object_repr": "ProveedorCarteras object", "action_flag": 3, "change_message": ""}}, {"model": "admin.logentry", "pk": 193, "fields": {"action_time": "2018-12-17T15:49:12.914Z", "user": 1, "content_type": 50, "object_id": "20", "object_repr": "ProveedorCarteras object", "action_flag": 3, "change_message": ""}}, {"model": "admin.logentry", "pk": 194, "fields": {"action_time": "2018-12-17T15:49:34.669Z", "user": 1, "content_type": 50, "object_id": "63", "object_repr": "ProveedorCarteras object", "action_flag": 3, "change_message": ""}}, {"model": "admin.logentry", "pk": 195, "fields": {"action_time": "2018-12-18T04:12:41.245Z", "user": 1, "content_type": 50, "object_id": "65", "object_repr": "ProveedorCarteras object", "action_flag": 3, "change_message": ""}}, {"model": "admin.logentry", "pk": 196, "fields": {"action_time": "2018-12-18T04:12:41.254Z", "user": 1, "content_type": 50, "object_id": "64", "object_repr": "ProveedorCarteras object", "action_flag": 3, "change_message": ""}}, {"model": "admin.logentry", "pk": 197, "fields": {"action_time": "2018-12-18T04:41:16.313Z", "user": 1, "content_type": 9, "object_id": "10", "object_repr": "Score object", "action_flag": 2, "change_message": "[{\"changed\": {\"fields\": [\"negocio\"]}}]"}}, {"model": "admin.logentry", "pk": 198, "fields": {"action_time": "2018-12-18T04:41:52.487Z", "user": 1, "content_type": 9, "object_id": "9", "object_repr": "Score object", "action_flag": 2, "change_message": "[{\"changed\": {\"fields\": [\"negocio\"]}}]"}}, {"model": "admin.logentry", "pk": 199, "fields": {"action_time": "2018-12-18T04:41:52.505Z", "user": 1, "content_type": 9, "object_id": "8", "object_repr": "Score object", "action_flag": 2, "change_message": "[{\"changed\": {\"fields\": [\"negocio\"]}}]"}}, {"model": "admin.logentry", "pk": 200, "fields": {"action_time": "2018-12-18T04:41:52.523Z", "user": 1, "content_type": 9, "object_id": "7", "object_repr": "Score object", "action_flag": 2, "change_message": "[{\"changed\": {\"fields\": [\"negocio\"]}}]"}}, {"model": "admin.logentry", "pk": 201, "fields": {"action_time": "2018-12-18T04:41:52.540Z", "user": 1, "content_type": 9, "object_id": "6", "object_repr": "Score object", "action_flag": 2, "change_message": "[{\"changed\": {\"fields\": [\"negocio\"]}}]"}}, {"model": "admin.logentry", "pk": 202, "fields": {"action_time": "2018-12-18T04:41:52.559Z", "user": 1, "content_type": 9, "object_id": "5", "object_repr": "Score object", "action_flag": 2, "change_message": "[{\"changed\": {\"fields\": [\"negocio\"]}}]"}}, {"model": "admin.logentry", "pk": 203, "fields": {"action_time": "2018-12-18T04:41:52.576Z", "user": 1, "content_type": 9, "object_id": "4", "object_repr": "Score object", "action_flag": 2, "change_message": "[{\"changed\": {\"fields\": [\"negocio\"]}}]"}}, {"model": "admin.logentry", "pk": 204, "fields": {"action_time": "2018-12-18T04:41:52.593Z", "user": 1, "content_type": 9, "object_id": "3", "object_repr": "Score object", "action_flag": 2, "change_message": "[{\"changed\": {\"fields\": [\"negocio\"]}}]"}}, {"model": "admin.logentry", "pk": 205, "fields": {"action_time": "2018-12-18T04:41:52.611Z", "user": 1, "content_type": 9, "object_id": "2", "object_repr": "Score object", "action_flag": 2, "change_message": "[{\"changed\": {\"fields\": [\"negocio\"]}}]"}}, {"model": "admin.logentry", "pk": 206, "fields": {"action_time": "2018-12-18T04:41:52.629Z", "user": 1, "content_type": 9, "object_id": "1", "object_repr": "Score object", "action_flag": 2, "change_message": "[{\"changed\": {\"fields\": [\"negocio\"]}}]"}}, {"model": "admin.logentry", "pk": 207, "fields": {"action_time": "2018-12-18T16:00:23.283Z", "user": 1, "content_type": 58, "object_id": "1", "object_repr": "ScoreProveedor object", "action_flag": 1, "change_message": "[{\"added\": {}}]"}}, {"model": "admin.logentry", "pk": 208, "fields": {"action_time": "2018-12-18T16:33:13.143Z", "user": 1, "content_type": 53, "object_id": "1", "object_repr": "Promesa de Pago", "action_flag": 2, "change_message": "[{\"changed\": {\"fields\": [\"nombre\"]}}]"}}, {"model": "admin.logentry", "pk": 209, "fields": {"action_time": "2018-12-18T16:33:43.651Z", "user": 1, "content_type": 53, "object_id": "2", "object_repr": "Ya Pago", "action_flag": 2, "change_message": "[{\"changed\": {\"fields\": [\"nombre\"]}}]"}}, {"model": "admin.logentry", "pk": 210, "fields": {"action_time": "2018-12-18T16:34:14.777Z", "user": 1, "content_type": 53, "object_id": "3", "object_repr": "Compromiso de Pago", "action_flag": 2, "change_message": "[{\"changed\": {\"fields\": [\"nombre\"]}}]"}}, {"model": "admin.logentry", "pk": 211, "fields": {"action_time": "2018-12-18T16:34:39.286Z", "user": 1, "content_type": 53, "object_id": "1", "object_repr": "PROMESA DE PAGO", "action_flag": 2, "change_message": "[{\"changed\": {\"fields\": [\"nombre\"]}}]"}}, {"model": "admin.logentry", "pk": 212, "fields": {"action_time": "2018-12-18T16:35:25.987Z", "user": 1, "content_type": 53, "object_id": "2", "object_repr": "YA PAGO", "action_flag": 2, "change_message": "[{\"changed\": {\"fields\": [\"nombre\"]}}]"}}, {"model": "admin.logentry", "pk": 213, "fields": {"action_time": "2018-12-18T18:57:40.399Z", "user": 1, "content_type": 50, "object_id": "163", "object_repr": "Banco Financiero - eeeee", "action_flag": 3, "change_message": ""}}, {"model": "admin.logentry", "pk": 214, "fields": {"action_time": "2018-12-18T18:57:40.405Z", "user": 1, "content_type": 50, "object_id": "162", "object_repr": "Banco Financiero - ttt", "action_flag": 3, "change_message": ""}}, {"model": "admin.logentry", "pk": 215, "fields": {"action_time": "2018-12-18T18:57:40.408Z", "user": 1, "content_type": 50, "object_id": "161", "object_repr": "Banco Financiero - Marketing", "action_flag": 3, "change_message": ""}}, {"model": "admin.logentry", "pk": 216, "fields": {"action_time": "2018-12-18T18:57:40.411Z", "user": 1, "content_type": 50, "object_id": "160", "object_repr": "Banco Comercio - Cobranza Vigente", "action_flag": 3, "change_message": ""}}, {"model": "admin.logentry", "pk": 217, "fields": {"action_time": "2018-12-18T18:57:40.415Z", "user": 1, "content_type": 50, "object_id": "159", "object_repr": "Banco Comercio - Cobranza Vigente", "action_flag": 3, "change_message": ""}}, {"model": "admin.logentry", "pk": 218, "fields": {"action_time": "2018-12-18T18:57:40.418Z", "user": 1, "content_type": 50, "object_id": "158", "object_repr": "Banco Comercio - Atencion al Cliente", "action_flag": 3, "change_message": ""}}, {"model": "admin.logentry", "pk": 219, "fields": {"action_time": "2018-12-18T18:57:40.421Z", "user": 1, "content_type": 50, "object_id": "157", "object_repr": "Banco Financiero - Judicial", "action_flag": 3, "change_message": ""}}, {"model": "admin.logentry", "pk": 220, "fields": {"action_time": "2018-12-18T18:57:40.425Z", "user": 1, "content_type": 50, "object_id": "156", "object_repr": "Banco Comercio - Marketing", "action_flag": 3, "change_message": ""}}, {"model": "admin.logentry", "pk": 221, "fields": {"action_time": "2018-12-18T18:57:40.429Z", "user": 1, "content_type": 50, "object_id": "155", "object_repr": "Banco Comercio - Atencion al Cliente", "action_flag": 3, "change_message": ""}}, {"model": "admin.logentry", "pk": 222, "fields": {"action_time": "2018-12-18T18:57:40.432Z", "user": 1, "content_type": 50, "object_id": "154", "object_repr": "Banco Interbank - Judicial", "action_flag": 3, "change_message": ""}}, {"model": "admin.logentry", "pk": 223, "fields": {"action_time": "2018-12-18T18:57:40.435Z", "user": 1, "content_type": 50, "object_id": "153", "object_repr": "Banco Financiero - Judicial", "action_flag": 3, "change_message": ""}}, {"model": "admin.logentry", "pk": 224, "fields": {"action_time": "2018-12-18T18:57:40.439Z", "user": 1, "content_type": 50, "object_id": "152", "object_repr": "Banco Financiero - Atencion al Cliente", "action_flag": 3, "change_message": ""}}, {"model": "admin.logentry", "pk": 225, "fields": {"action_time": "2018-12-18T18:57:40.442Z", "user": 1, "content_type": 50, "object_id": "151", "object_repr": "Banco Interbank - Televenta", "action_flag": 3, "change_message": ""}}, {"model": "admin.logentry", "pk": 226, "fields": {"action_time": "2018-12-18T18:57:40.446Z", "user": 1, "content_type": 50, "object_id": "150", "object_repr": "Caja Arequipa - Cobranza Preventiva", "action_flag": 3, "change_message": ""}}, {"model": "admin.logentry", "pk": 227, "fields": {"action_time": "2018-12-18T18:57:40.448Z", "user": 1, "content_type": 50, "object_id": "149", "object_repr": "Caja Arequipa - Marketing", "action_flag": 3, "change_message": ""}}, {"model": "admin.logentry", "pk": 228, "fields": {"action_time": "2018-12-18T18:57:40.452Z", "user": 1, "content_type": 50, "object_id": "148", "object_repr": "Banco Financiero - Marketing", "action_flag": 3, "change_message": ""}}, {"model": "admin.logentry", "pk": 229, "fields": {"action_time": "2018-12-18T18:57:40.455Z", "user": 1, "content_type": 50, "object_id": "147", "object_repr": "Banco Financiero - Atencion al Cliente", "action_flag": 3, "change_message": ""}}, {"model": "admin.logentry", "pk": 230, "fields": {"action_time": "2018-12-18T18:57:40.457Z", "user": 1, "content_type": 50, "object_id": "146", "object_repr": "Banco Financiero - Atencion al Cliente", "action_flag": 3, "change_message": ""}}, {"model": "admin.logentry", "pk": 231, "fields": {"action_time": "2018-12-18T18:57:40.461Z", "user": 1, "content_type": 50, "object_id": "145", "object_repr": "Banco Comercio - Marketing", "action_flag": 3, "change_message": ""}}, {"model": "admin.logentry", "pk": 232, "fields": {"action_time": "2018-12-18T18:57:40.465Z", "user": 1, "content_type": 50, "object_id": "144", "object_repr": "Banco Interbank - Judicial", "action_flag": 3, "change_message": ""}}, {"model": "admin.logentry", "pk": 233, "fields": {"action_time": "2018-12-18T18:57:40.469Z", "user": 1, "content_type": 50, "object_id": "143", "object_repr": "Caja Arequipa - Marketing", "action_flag": 3, "change_message": ""}}, {"model": "admin.logentry", "pk": 234, "fields": {"action_time": "2018-12-18T18:57:40.472Z", "user": 1, "content_type": 50, "object_id": "142", "object_repr": "Banco Financiero - Judicial", "action_flag": 3, "change_message": ""}}, {"model": "admin.logentry", "pk": 235, "fields": {"action_time": "2018-12-18T18:57:40.475Z", "user": 1, "content_type": 50, "object_id": "141", "object_repr": "Banco Comercio - Judicial", "action_flag": 3, "change_message": ""}}, {"model": "admin.logentry", "pk": 236, "fields": {"action_time": "2018-12-18T18:57:40.478Z", "user": 1, "content_type": 50, "object_id": "140", "object_repr": "Banco Financiero - Judicial", "action_flag": 3, "change_message": ""}}, {"model": "admin.logentry", "pk": 237, "fields": {"action_time": "2018-12-18T18:57:40.481Z", "user": 1, "content_type": 50, "object_id": "139", "object_repr": "San Mateo - Judicial", "action_flag": 3, "change_message": ""}}, {"model": "admin.logentry", "pk": 238, "fields": {"action_time": "2018-12-18T18:57:40.484Z", "user": 1, "content_type": 50, "object_id": "138", "object_repr": "Nissan del Peru - Judicial", "action_flag": 3, "change_message": ""}}, {"model": "admin.logentry", "pk": 239, "fields": {"action_time": "2018-12-18T18:57:40.487Z", "user": 1, "content_type": 50, "object_id": "137", "object_repr": "Banco Comercio - Judicial", "action_flag": 3, "change_message": ""}}, {"model": "admin.logentry", "pk": 240, "fields": {"action_time": "2018-12-18T18:57:40.490Z", "user": 1, "content_type": 50, "object_id": "136", "object_repr": "Banco Comercio - Marketing", "action_flag": 3, "change_message": ""}}, {"model": "admin.logentry", "pk": 241, "fields": {"action_time": "2018-12-18T18:57:40.492Z", "user": 1, "content_type": 50, "object_id": "135", "object_repr": "Banco Interbank - Judicial", "action_flag": 3, "change_message": ""}}, {"model": "admin.logentry", "pk": 242, "fields": {"action_time": "2018-12-18T18:57:40.495Z", "user": 1, "content_type": 50, "object_id": "134", "object_repr": "Banco Interbank - Marketing", "action_flag": 3, "change_message": ""}}, {"model": "admin.logentry", "pk": 243, "fields": {"action_time": "2018-12-18T18:57:40.498Z", "user": 1, "content_type": 50, "object_id": "133", "object_repr": "Banco Comercio - Marketing", "action_flag": 3, "change_message": ""}}, {"model": "admin.logentry", "pk": 244, "fields": {"action_time": "2018-12-18T18:57:40.500Z", "user": 1, "content_type": 50, "object_id": "132", "object_repr": "Promart - Facturas por cobrar", "action_flag": 3, "change_message": ""}}, {"model": "admin.logentry", "pk": 245, "fields": {"action_time": "2018-12-18T18:57:40.503Z", "user": 1, "content_type": 50, "object_id": "131", "object_repr": "Caja Arequipa - Marketing", "action_flag": 3, "change_message": ""}}, {"model": "admin.logentry", "pk": 246, "fields": {"action_time": "2018-12-18T18:57:40.506Z", "user": 1, "content_type": 50, "object_id": "130", "object_repr": "Banco Comercio - Judicial", "action_flag": 3, "change_message": ""}}, {"model": "admin.logentry", "pk": 247, "fields": {"action_time": "2018-12-18T18:57:40.510Z", "user": 1, "content_type": 50, "object_id": "129", "object_repr": "Banco Interbank - Judicial", "action_flag": 3, "change_message": ""}}, {"model": "admin.logentry", "pk": 248, "fields": {"action_time": "2018-12-18T18:57:40.512Z", "user": 1, "content_type": 50, "object_id": "128", "object_repr": "Financiera Compartamos - Judicial", "action_flag": 3, "change_message": ""}}, {"model": "admin.logentry", "pk": 249, "fields": {"action_time": "2018-12-18T18:57:40.517Z", "user": 1, "content_type": 50, "object_id": "127", "object_repr": "Caja Arequipa - Atencion al Cliente", "action_flag": 3, "change_message": ""}}, {"model": "admin.logentry", "pk": 250, "fields": {"action_time": "2018-12-18T18:57:40.521Z", "user": 1, "content_type": 50, "object_id": "126", "object_repr": "Nissan del Peru - Cobranza Judicial", "action_flag": 3, "change_message": ""}}, {"model": "admin.logentry", "pk": 251, "fields": {"action_time": "2018-12-18T18:57:40.525Z", "user": 1, "content_type": 50, "object_id": "125", "object_repr": "Nissan del Peru - Cobranza Judicial", "action_flag": 3, "change_message": ""}}, {"model": "admin.logentry", "pk": 252, "fields": {"action_time": "2018-12-18T18:57:40.530Z", "user": 1, "content_type": 50, "object_id": "124", "object_repr": "Caja Arequipa - Atencion al Cliente", "action_flag": 3, "change_message": ""}}, {"model": "admin.logentry", "pk": 253, "fields": {"action_time": "2018-12-18T18:57:40.533Z", "user": 1, "content_type": 50, "object_id": "123", "object_repr": "Caja Arequipa - Atencion al Cliente", "action_flag": 3, "change_message": ""}}, {"model": "admin.logentry", "pk": 254, "fields": {"action_time": "2018-12-18T18:57:40.537Z", "user": 1, "content_type": 50, "object_id": "122", "object_repr": "Caja Arequipa - Atencion al Cliente", "action_flag": 3, "change_message": ""}}, {"model": "admin.logentry", "pk": 255, "fields": {"action_time": "2018-12-18T18:57:40.541Z", "user": 1, "content_type": 50, "object_id": "121", "object_repr": "Banco Comercio - Marketing", "action_flag": 3, "change_message": ""}}, {"model": "admin.logentry", "pk": 256, "fields": {"action_time": "2018-12-18T18:57:40.545Z", "user": 1, "content_type": 50, "object_id": "120", "object_repr": "Banco Comercio - Marketing", "action_flag": 3, "change_message": ""}}, {"model": "admin.logentry", "pk": 257, "fields": {"action_time": "2018-12-18T18:57:40.550Z", "user": 1, "content_type": 50, "object_id": "119", "object_repr": "Banco Comercio - Marketing", "action_flag": 3, "change_message": ""}}, {"model": "admin.logentry", "pk": 258, "fields": {"action_time": "2018-12-18T18:57:40.556Z", "user": 1, "content_type": 50, "object_id": "118", "object_repr": "Banco Comercio - Marketing", "action_flag": 3, "change_message": ""}}, {"model": "admin.logentry", "pk": 259, "fields": {"action_time": "2018-12-18T18:57:40.560Z", "user": 1, "content_type": 50, "object_id": "117", "object_repr": "Banco Comercio - Marketing", "action_flag": 3, "change_message": ""}}, {"model": "admin.logentry", "pk": 260, "fields": {"action_time": "2018-12-18T18:57:40.564Z", "user": 1, "content_type": 50, "object_id": "116", "object_repr": "Banco Comercio - Marketing", "action_flag": 3, "change_message": ""}}, {"model": "admin.logentry", "pk": 261, "fields": {"action_time": "2018-12-18T18:57:40.567Z", "user": 1, "content_type": 50, "object_id": "115", "object_repr": "Banco Comercio - Marketing", "action_flag": 3, "change_message": ""}}, {"model": "admin.logentry", "pk": 262, "fields": {"action_time": "2018-12-18T18:57:40.570Z", "user": 1, "content_type": 50, "object_id": "114", "object_repr": "Banco Comercio - Marketing", "action_flag": 3, "change_message": ""}}, {"model": "admin.logentry", "pk": 263, "fields": {"action_time": "2018-12-18T18:57:40.574Z", "user": 1, "content_type": 50, "object_id": "113", "object_repr": "Crediscotia - Cobranza Preventiva", "action_flag": 3, "change_message": ""}}, {"model": "admin.logentry", "pk": 264, "fields": {"action_time": "2018-12-18T18:57:40.578Z", "user": 1, "content_type": 50, "object_id": "112", "object_repr": "Caja Arequipa - Cobranza Preventiva", "action_flag": 3, "change_message": ""}}, {"model": "admin.logentry", "pk": 265, "fields": {"action_time": "2018-12-18T18:57:40.582Z", "user": 1, "content_type": 50, "object_id": "111", "object_repr": "Financiera Compartamos - Atencion al Cliente", "action_flag": 3, "change_message": ""}}, {"model": "admin.logentry", "pk": 266, "fields": {"action_time": "2018-12-18T18:57:40.585Z", "user": 1, "content_type": 50, "object_id": "110", "object_repr": "Banco Interbank - Marketing", "action_flag": 3, "change_message": ""}}, {"model": "admin.logentry", "pk": 267, "fields": {"action_time": "2018-12-18T18:57:40.588Z", "user": 1, "content_type": 50, "object_id": "109", "object_repr": "Banco Interbank - Atencion al Cliente", "action_flag": 3, "change_message": ""}}, {"model": "admin.logentry", "pk": 268, "fields": {"action_time": "2018-12-18T18:57:40.591Z", "user": 1, "content_type": 50, "object_id": "108", "object_repr": "Banco Comercio - Marketing", "action_flag": 3, "change_message": ""}}, {"model": "admin.logentry", "pk": 269, "fields": {"action_time": "2018-12-18T18:57:40.594Z", "user": 1, "content_type": 50, "object_id": "107", "object_repr": "Banco Interbank - Cobranza Vigente", "action_flag": 3, "change_message": ""}}, {"model": "admin.logentry", "pk": 270, "fields": {"action_time": "2018-12-18T18:57:40.598Z", "user": 1, "content_type": 50, "object_id": "106", "object_repr": "Banco Interbank - Cobranza Vigente", "action_flag": 3, "change_message": ""}}, {"model": "admin.logentry", "pk": 271, "fields": {"action_time": "2018-12-18T18:57:40.601Z", "user": 1, "content_type": 50, "object_id": "105", "object_repr": "Caja Arequipa - Cobranza Vigente", "action_flag": 3, "change_message": ""}}, {"model": "admin.logentry", "pk": 272, "fields": {"action_time": "2018-12-18T18:57:40.604Z", "user": 1, "content_type": 50, "object_id": "104", "object_repr": "Financiera Compartamos - Marketing", "action_flag": 3, "change_message": ""}}, {"model": "admin.logentry", "pk": 273, "fields": {"action_time": "2018-12-18T18:57:40.608Z", "user": 1, "content_type": 50, "object_id": "103", "object_repr": "Banco Comercio - Marketing", "action_flag": 3, "change_message": ""}}, {"model": "admin.logentry", "pk": 274, "fields": {"action_time": "2018-12-18T18:57:40.612Z", "user": 1, "content_type": 50, "object_id": "102", "object_repr": "Banco Comercio - Marketing", "action_flag": 3, "change_message": ""}}, {"model": "admin.logentry", "pk": 275, "fields": {"action_time": "2018-12-18T18:57:40.616Z", "user": 1, "content_type": 50, "object_id": "101", "object_repr": "Banco Comercio - Marketing", "action_flag": 3, "change_message": ""}}, {"model": "admin.logentry", "pk": 276, "fields": {"action_time": "2018-12-18T18:57:40.619Z", "user": 1, "content_type": 50, "object_id": "100", "object_repr": "Banco Comercio - Atencion al Cliente", "action_flag": 3, "change_message": ""}}, {"model": "admin.logentry", "pk": 277, "fields": {"action_time": "2018-12-18T18:57:40.622Z", "user": 1, "content_type": 50, "object_id": "99", "object_repr": "Banco Comercio - Judicial", "action_flag": 3, "change_message": ""}}, {"model": "admin.logentry", "pk": 278, "fields": {"action_time": "2018-12-18T18:57:40.626Z", "user": 1, "content_type": 50, "object_id": "98", "object_repr": "Crediscotia - Cobranza Vigente", "action_flag": 3, "change_message": ""}}, {"model": "admin.logentry", "pk": 279, "fields": {"action_time": "2018-12-18T18:57:40.629Z", "user": 1, "content_type": 50, "object_id": "97", "object_repr": "Banco Comercio - Judicial", "action_flag": 3, "change_message": ""}}, {"model": "admin.logentry", "pk": 280, "fields": {"action_time": "2018-12-18T18:57:40.632Z", "user": 1, "content_type": 50, "object_id": "96", "object_repr": "Banco Comercio - Cobranza Preventiva", "action_flag": 3, "change_message": ""}}, {"model": "admin.logentry", "pk": 281, "fields": {"action_time": "2018-12-18T18:57:40.635Z", "user": 1, "content_type": 50, "object_id": "95", "object_repr": "Banco Comercio - Cobranza Preventiva", "action_flag": 3, "change_message": ""}}, {"model": "admin.logentry", "pk": 282, "fields": {"action_time": "2018-12-18T18:57:40.638Z", "user": 1, "content_type": 50, "object_id": "94", "object_repr": "Banco Interbank - Atencion al Cliente", "action_flag": 3, "change_message": ""}}, {"model": "admin.logentry", "pk": 283, "fields": {"action_time": "2018-12-18T18:57:40.641Z", "user": 1, "content_type": 50, "object_id": "93", "object_repr": "Financiera Compartamos - Cobranza Vigente", "action_flag": 3, "change_message": ""}}, {"model": "admin.logentry", "pk": 284, "fields": {"action_time": "2018-12-18T18:57:40.646Z", "user": 1, "content_type": 50, "object_id": "92", "object_repr": "Banco Interbank - Marketing", "action_flag": 3, "change_message": ""}}, {"model": "admin.logentry", "pk": 285, "fields": {"action_time": "2018-12-18T18:57:40.649Z", "user": 1, "content_type": 50, "object_id": "91", "object_repr": "Banco Interbank - Judicial", "action_flag": 3, "change_message": ""}}, {"model": "admin.logentry", "pk": 286, "fields": {"action_time": "2018-12-18T18:57:40.651Z", "user": 1, "content_type": 50, "object_id": "90", "object_repr": "Caja Arequipa - Marketing", "action_flag": 3, "change_message": ""}}, {"model": "admin.logentry", "pk": 287, "fields": {"action_time": "2018-12-18T18:57:40.655Z", "user": 1, "content_type": 50, "object_id": "89", "object_repr": "Caja Arequipa - Marketing", "action_flag": 3, "change_message": ""}}, {"model": "admin.logentry", "pk": 288, "fields": {"action_time": "2018-12-18T18:57:40.659Z", "user": 1, "content_type": 50, "object_id": "88", "object_repr": "Banco Comercio - Marketing", "action_flag": 3, "change_message": ""}}, {"model": "admin.logentry", "pk": 289, "fields": {"action_time": "2018-12-18T18:57:40.662Z", "user": 1, "content_type": 50, "object_id": "87", "object_repr": "Banco Comercio - Marketing", "action_flag": 3, "change_message": ""}}, {"model": "admin.logentry", "pk": 290, "fields": {"action_time": "2018-12-18T18:57:40.666Z", "user": 1, "content_type": 50, "object_id": "86", "object_repr": "Banco Comercio - Marketing", "action_flag": 3, "change_message": ""}}, {"model": "admin.logentry", "pk": 291, "fields": {"action_time": "2018-12-18T18:57:40.669Z", "user": 1, "content_type": 50, "object_id": "85", "object_repr": "Banco Comercio - Marketing", "action_flag": 3, "change_message": ""}}, {"model": "admin.logentry", "pk": 292, "fields": {"action_time": "2018-12-18T18:57:40.672Z", "user": 1, "content_type": 50, "object_id": "84", "object_repr": "Banco Comercio - Marketing", "action_flag": 3, "change_message": ""}}, {"model": "admin.logentry", "pk": 293, "fields": {"action_time": "2018-12-18T18:57:40.675Z", "user": 1, "content_type": 50, "object_id": "83", "object_repr": "Banco Comercio - Marketing", "action_flag": 3, "change_message": ""}}, {"model": "admin.logentry", "pk": 294, "fields": {"action_time": "2018-12-18T18:57:40.678Z", "user": 1, "content_type": 50, "object_id": "82", "object_repr": "Banco Interbank - Marketing", "action_flag": 3, "change_message": ""}}, {"model": "admin.logentry", "pk": 295, "fields": {"action_time": "2018-12-18T18:57:40.682Z", "user": 1, "content_type": 50, "object_id": "81", "object_repr": "Banco Financiero - Marketing", "action_flag": 3, "change_message": ""}}, {"model": "admin.logentry", "pk": 296, "fields": {"action_time": "2018-12-18T18:57:40.685Z", "user": 1, "content_type": 50, "object_id": "80", "object_repr": "Banco Comercio - Marketing", "action_flag": 3, "change_message": ""}}, {"model": "admin.logentry", "pk": 297, "fields": {"action_time": "2018-12-18T18:57:40.688Z", "user": 1, "content_type": 50, "object_id": "79", "object_repr": "Caja Arequipa - Atencion al Cliente", "action_flag": 3, "change_message": ""}}, {"model": "admin.logentry", "pk": 298, "fields": {"action_time": "2018-12-18T18:57:40.692Z", "user": 1, "content_type": 50, "object_id": "78", "object_repr": "Caja Arequipa - Marketing", "action_flag": 3, "change_message": ""}}, {"model": "admin.logentry", "pk": 299, "fields": {"action_time": "2018-12-18T18:57:40.694Z", "user": 1, "content_type": 50, "object_id": "77", "object_repr": "Scotiabank - Atencion al Cliente", "action_flag": 3, "change_message": ""}}, {"model": "admin.logentry", "pk": 300, "fields": {"action_time": "2018-12-18T18:57:40.698Z", "user": 1, "content_type": 50, "object_id": "76", "object_repr": "Banco Interbank - Marketing", "action_flag": 3, "change_message": ""}}, {"model": "admin.logentry", "pk": 301, "fields": {"action_time": "2018-12-18T18:57:40.700Z", "user": 1, "content_type": 50, "object_id": "75", "object_repr": "Banco Financiero - Cobranza Preventiva", "action_flag": 3, "change_message": ""}}, {"model": "admin.logentry", "pk": 302, "fields": {"action_time": "2018-12-18T18:57:40.703Z", "user": 1, "content_type": 50, "object_id": "74", "object_repr": "Caja Arequipa - Atencion al Cliente", "action_flag": 3, "change_message": ""}}, {"model": "admin.logentry", "pk": 303, "fields": {"action_time": "2018-12-18T18:57:40.706Z", "user": 1, "content_type": 50, "object_id": "73", "object_repr": "Banco Interbank - Atencion al Cliente", "action_flag": 3, "change_message": ""}}, {"model": "admin.logentry", "pk": 304, "fields": {"action_time": "2018-12-18T18:57:40.709Z", "user": 1, "content_type": 50, "object_id": "72", "object_repr": "Caja Arequipa - Atencion al Cliente", "action_flag": 3, "change_message": ""}}, {"model": "admin.logentry", "pk": 305, "fields": {"action_time": "2018-12-18T18:57:40.712Z", "user": 1, "content_type": 50, "object_id": "71", "object_repr": "Banco Interbank - Atencion al Cliente", "action_flag": 3, "change_message": ""}}, {"model": "admin.logentry", "pk": 306, "fields": {"action_time": "2018-12-18T18:57:40.715Z", "user": 1, "content_type": 50, "object_id": "70", "object_repr": "Banco Comercio - Atencion al Cliente", "action_flag": 3, "change_message": ""}}, {"model": "admin.logentry", "pk": 307, "fields": {"action_time": "2018-12-18T18:57:40.718Z", "user": 1, "content_type": 50, "object_id": "69", "object_repr": "Banco Comercio - Cobranza Vigente", "action_flag": 3, "change_message": ""}}, {"model": "admin.logentry", "pk": 308, "fields": {"action_time": "2018-12-18T18:57:40.721Z", "user": 1, "content_type": 50, "object_id": "68", "object_repr": "Good Year Peru - Marketing", "action_flag": 3, "change_message": ""}}, {"model": "admin.logentry", "pk": 309, "fields": {"action_time": "2018-12-18T18:57:40.723Z", "user": 1, "content_type": 50, "object_id": "67", "object_repr": "Banco Interbank - Atencion al Cliente", "action_flag": 3, "change_message": ""}}, {"model": "admin.logentry", "pk": 310, "fields": {"action_time": "2018-12-18T18:57:40.726Z", "user": 1, "content_type": 50, "object_id": "66", "object_repr": "Banco Interbank - Marketing", "action_flag": 3, "change_message": ""}}, {"model": "admin.logentry", "pk": 311, "fields": {"action_time": "2018-12-18T18:57:40.730Z", "user": 1, "content_type": 50, "object_id": "62", "object_repr": "Banco Comercio - Atencion al Cliente", "action_flag": 3, "change_message": ""}}, {"model": "admin.logentry", "pk": 312, "fields": {"action_time": "2018-12-18T18:57:40.733Z", "user": 1, "content_type": 50, "object_id": "61", "object_repr": "Scotiabank - Marketing", "action_flag": 3, "change_message": ""}}, {"model": "admin.logentry", "pk": 313, "fields": {"action_time": "2018-12-18T18:57:49.301Z", "user": 1, "content_type": 50, "object_id": "60", "object_repr": "Banco Interbank - Atencion al Cliente", "action_flag": 3, "change_message": ""}}, {"model": "admin.logentry", "pk": 314, "fields": {"action_time": "2018-12-18T18:57:49.306Z", "user": 1, "content_type": 50, "object_id": "59", "object_repr": "Banco Interbank - Cobranza Preventiva", "action_flag": 3, "change_message": ""}}, {"model": "admin.logentry", "pk": 315, "fields": {"action_time": "2018-12-18T18:57:49.311Z", "user": 1, "content_type": 50, "object_id": "58", "object_repr": "Banco Interbank - Marketing", "action_flag": 3, "change_message": ""}}, {"model": "admin.logentry", "pk": 316, "fields": {"action_time": "2018-12-18T18:57:49.314Z", "user": 1, "content_type": 50, "object_id": "57", "object_repr": "Banco Interbank - Judicial", "action_flag": 3, "change_message": ""}}, {"model": "admin.logentry", "pk": 317, "fields": {"action_time": "2018-12-18T18:57:49.318Z", "user": 1, "content_type": 50, "object_id": "55", "object_repr": "Banco Interbank - Atencion al Cliente", "action_flag": 3, "change_message": ""}}, {"model": "admin.logentry", "pk": 318, "fields": {"action_time": "2018-12-18T18:57:49.322Z", "user": 1, "content_type": 50, "object_id": "54", "object_repr": "Banco Interbank - Cobranza Preventiva", "action_flag": 3, "change_message": ""}}, {"model": "admin.logentry", "pk": 319, "fields": {"action_time": "2018-12-18T18:57:49.326Z", "user": 1, "content_type": 50, "object_id": "53", "object_repr": "Banco Interbank - Cobranza Vigente", "action_flag": 3, "change_message": ""}}, {"model": "admin.logentry", "pk": 320, "fields": {"action_time": "2018-12-18T18:57:49.329Z", "user": 1, "content_type": 50, "object_id": "52", "object_repr": "Banco Interbank - Atencion al Cliente", "action_flag": 3, "change_message": ""}}, {"model": "admin.logentry", "pk": 321, "fields": {"action_time": "2018-12-18T18:57:49.332Z", "user": 1, "content_type": 50, "object_id": "30", "object_repr": "Financiera Compartamos - Judicial", "action_flag": 3, "change_message": ""}}, {"model": "admin.logentry", "pk": 322, "fields": {"action_time": "2018-12-18T18:57:49.335Z", "user": 1, "content_type": 50, "object_id": "29", "object_repr": "Financiera Compartamos - Judicial", "action_flag": 3, "change_message": ""}}, {"model": "admin.logentry", "pk": 323, "fields": {"action_time": "2018-12-18T18:57:49.339Z", "user": 1, "content_type": 50, "object_id": "19", "object_repr": "Banco Financiero - Judicial", "action_flag": 3, "change_message": ""}}, {"model": "admin.logentry", "pk": 324, "fields": {"action_time": "2018-12-18T18:57:49.343Z", "user": 1, "content_type": 50, "object_id": "18", "object_repr": "Banco Interbank - Judicial", "action_flag": 3, "change_message": ""}}, {"model": "admin.logentry", "pk": 325, "fields": {"action_time": "2018-12-18T18:57:49.346Z", "user": 1, "content_type": 50, "object_id": "17", "object_repr": "Banco Iluminati - Cobranza Judicial", "action_flag": 3, "change_message": ""}}, {"model": "admin.logentry", "pk": 326, "fields": {"action_time": "2018-12-18T18:57:49.348Z", "user": 1, "content_type": 50, "object_id": "16", "object_repr": "Banco Iluminati - Judicial", "action_flag": 3, "change_message": ""}}, {"model": "admin.logentry", "pk": 327, "fields": {"action_time": "2018-12-18T18:57:49.352Z", "user": 1, "content_type": 50, "object_id": "15", "object_repr": "Banco Credito - Atencion al Cliente", "action_flag": 3, "change_message": ""}}, {"model": "admin.logentry", "pk": 328, "fields": {"action_time": "2018-12-18T18:57:49.355Z", "user": 1, "content_type": 50, "object_id": "14", "object_repr": "Scotiabank - Atencion al Cliente", "action_flag": 3, "change_message": ""}}, {"model": "admin.logentry", "pk": 329, "fields": {"action_time": "2018-12-18T18:57:49.358Z", "user": 1, "content_type": 50, "object_id": "13", "object_repr": "Scotiabank - Judicial", "action_flag": 3, "change_message": ""}}, {"model": "admin.logentry", "pk": 330, "fields": {"action_time": "2018-12-18T18:57:49.361Z", "user": 1, "content_type": 50, "object_id": "12", "object_repr": "Caja Arequipa - Cobranza Preventiva", "action_flag": 3, "change_message": ""}}, {"model": "admin.logentry", "pk": 331, "fields": {"action_time": "2018-12-18T18:57:49.364Z", "user": 1, "content_type": 50, "object_id": "11", "object_repr": "Banco Interbank - Judicial", "action_flag": 3, "change_message": ""}}, {"model": "admin.logentry", "pk": 332, "fields": {"action_time": "2018-12-18T18:57:49.367Z", "user": 1, "content_type": 50, "object_id": "10", "object_repr": "San Mateo - Televenta", "action_flag": 3, "change_message": ""}}, {"model": "admin.logentry", "pk": 333, "fields": {"action_time": "2018-12-18T18:57:49.372Z", "user": 1, "content_type": 50, "object_id": "9", "object_repr": "Caja Arequipa - Atencion al Cliente", "action_flag": 3, "change_message": ""}}, {"model": "admin.logentry", "pk": 334, "fields": {"action_time": "2018-12-18T18:57:49.375Z", "user": 1, "content_type": 50, "object_id": "8", "object_repr": "Financiera Compartamos - Cobranza Judicial", "action_flag": 3, "change_message": ""}}, {"model": "admin.logentry", "pk": 335, "fields": {"action_time": "2018-12-18T18:57:49.379Z", "user": 1, "content_type": 50, "object_id": "7", "object_repr": "Good Year Peru - Facturas por cobrar", "action_flag": 3, "change_message": ""}}, {"model": "admin.logentry", "pk": 336, "fields": {"action_time": "2018-12-18T18:57:49.382Z", "user": 1, "content_type": 50, "object_id": "6", "object_repr": "Good Year Peru - Cobranza Castigo", "action_flag": 3, "change_message": ""}}, {"model": "admin.logentry", "pk": 337, "fields": {"action_time": "2018-12-18T18:57:49.386Z", "user": 1, "content_type": 50, "object_id": "5", "object_repr": "Scotiabank - Cobranza Vigente", "action_flag": 3, "change_message": ""}}, {"model": "admin.logentry", "pk": 338, "fields": {"action_time": "2018-12-18T18:57:49.389Z", "user": 1, "content_type": 50, "object_id": "4", "object_repr": "Crediscotia - Cobranza Preventiva", "action_flag": 3, "change_message": ""}}, {"model": "admin.logentry", "pk": 339, "fields": {"action_time": "2018-12-18T18:57:49.393Z", "user": 1, "content_type": 50, "object_id": "3", "object_repr": "Caja Arequipa - Marketing", "action_flag": 3, "change_message": ""}}, {"model": "admin.logentry", "pk": 340, "fields": {"action_time": "2018-12-18T18:57:49.396Z", "user": 1, "content_type": 50, "object_id": "2", "object_repr": "Banco Credito - Judicial", "action_flag": 3, "change_message": ""}}, {"model": "admin.logentry", "pk": 341, "fields": {"action_time": "2018-12-18T18:57:49.402Z", "user": 1, "content_type": 50, "object_id": "1", "object_repr": "Banco Financiero - Televenta", "action_flag": 3, "change_message": ""}}, {"model": "admin.logentry", "pk": 342, "fields": {"action_time": "2018-12-18T19:28:48.343Z", "user": 1, "content_type": 60, "object_id": "1", "object_repr": "Activado", "action_flag": 1, "change_message": "[{\"added\": {}}]"}}, {"model": "admin.logentry", "pk": 343, "fields": {"action_time": "2018-12-18T19:28:54.280Z", "user": 1, "content_type": 60, "object_id": "2", "object_repr": "Desactivado", "action_flag": 1, "change_message": "[{\"added\": {}}]"}}, {"model": "admin.logentry", "pk": 344, "fields": {"action_time": "2018-12-18T19:29:09.785Z", "user": 1, "content_type": 60, "object_id": "1", "object_repr": "Desactivado", "action_flag": 2, "change_message": "[{\"changed\": {\"fields\": [\"nombre\"]}}]"}}, {"model": "admin.logentry", "pk": 345, "fields": {"action_time": "2018-12-18T19:29:15.767Z", "user": 1, "content_type": 60, "object_id": "2", "object_repr": "Activado", "action_flag": 2, "change_message": "[{\"changed\": {\"fields\": [\"nombre\"]}}]"}}, {"model": "admin.logentry", "pk": 346, "fields": {"action_time": "2018-12-18T23:08:50.519Z", "user": 1, "content_type": 54, "object_id": "10", "object_repr": "DIRECTO", "action_flag": 2, "change_message": "[{\"changed\": {\"fields\": [\"nombre\"]}}]"}}, {"model": "admin.logentry", "pk": 347, "fields": {"action_time": "2018-12-18T23:09:00.685Z", "user": 1, "content_type": 54, "object_id": "11", "object_repr": "INDIRECTO", "action_flag": 2, "change_message": "[{\"changed\": {\"fields\": [\"nombre\"]}}]"}}, {"model": "admin.logentry", "pk": 348, "fields": {"action_time": "2018-12-18T23:09:12.583Z", "user": 1, "content_type": 54, "object_id": "12", "object_repr": "NO CONTACTO", "action_flag": 2, "change_message": "[{\"changed\": {\"fields\": [\"nombre\"]}}]"}}, {"model": "admin.logentry", "pk": 349, "fields": {"action_time": "2018-12-18T23:10:22.399Z", "user": 1, "content_type": 53, "object_id": "4", "object_repr": "PROMESA", "action_flag": 1, "change_message": "[{\"added\": {}}]"}}, {"model": "admin.logentry", "pk": 350, "fields": {"action_time": "2018-12-18T23:12:05.770Z", "user": 1, "content_type": 52, "object_id": "1", "object_repr": "PAGO TOTAL", "action_flag": 2, "change_message": "update through import_export"}}, {"model": "admin.logentry", "pk": 351, "fields": {"action_time": "2018-12-18T23:12:05.847Z", "user": 1, "content_type": 52, "object_id": "2", "object_repr": "PAGO CUOTA INICIAL", "action_flag": 2, "change_message": "update through import_export"}}, {"model": "admin.logentry", "pk": 352, "fields": {"action_time": "2018-12-18T23:12:05.947Z", "user": 1, "content_type": 52, "object_id": "3", "object_repr": "PAGO PARCIAL", "action_flag": 1, "change_message": "new through import_export"}}, {"model": "admin.logentry", "pk": 353, "fields": {"action_time": "2018-12-18T23:12:06.042Z", "user": 1, "content_type": 52, "object_id": "4", "object_repr": "PAGO TOTAL", "action_flag": 1, "change_message": "new through import_export"}}, {"model": "admin.logentry", "pk": 354, "fields": {"action_time": "2018-12-18T23:12:06.135Z", "user": 1, "content_type": 52, "object_id": "5", "object_repr": "PAGO CUOTA INICIAL", "action_flag": 1, "change_message": "new through import_export"}}, {"model": "admin.logentry", "pk": 355, "fields": {"action_time": "2018-12-18T23:12:06.242Z", "user": 1, "content_type": 52, "object_id": "6", "object_repr": "PAGO PARCIAL", "action_flag": 1, "change_message": "new through import_export"}}, {"model": "admin.logentry", "pk": 356, "fields": {"action_time": "2018-12-18T23:12:06.374Z", "user": 1, "content_type": 52, "object_id": "7", "object_repr": "PENDIENTE AUTORIZACION PROVEEDOR", "action_flag": 1, "change_message": "new through import_export"}}, {"model": "admin.logentry", "pk": 357, "fields": {"action_time": "2018-12-18T23:12:06.485Z", "user": 1, "content_type": 52, "object_id": "8", "object_repr": "PENDIENTE CONFIRMACION PROVEEDOR", "action_flag": 1, "change_message": "new through import_export"}}, {"model": "admin.logentry", "pk": 358, "fields": {"action_time": "2018-12-18T23:12:06.608Z", "user": 1, "content_type": 52, "object_id": "9", "object_repr": "EN ESPERA FIRMA CLIENTE", "action_flag": 1, "change_message": "new through import_export"}}, {"model": "admin.logentry", "pk": 359, "fields": {"action_time": "2018-12-18T23:12:06.707Z", "user": 1, "content_type": 52, "object_id": "10", "object_repr": "ESPERA FIRMA DE DOCUMENTOS (CONVENIO)", "action_flag": 1, "change_message": "new through import_export"}}, {"model": "admin.logentry", "pk": 360, "fields": {"action_time": "2018-12-18T23:12:06.807Z", "user": 1, "content_type": 52, "object_id": "11", "object_repr": "PAGA FUERA DE PLAZO", "action_flag": 1, "change_message": "new through import_export"}}, {"model": "admin.logentry", "pk": 361, "fields": {"action_time": "2018-12-18T23:12:06.951Z", "user": 1, "content_type": 52, "object_id": "12", "object_repr": "CONCRETADO CONVENIO / REFIN / REPRO", "action_flag": 1, "change_message": "new through import_export"}}, {"model": "admin.logentry", "pk": 362, "fields": {"action_time": "2018-12-18T23:12:07.050Z", "user": 1, "content_type": 52, "object_id": "13", "object_repr": "EN TRAMITE DESCUENTO / CONDONACION", "action_flag": 1, "change_message": "new through import_export"}}, {"model": "admin.logentry", "pk": 363, "fields": {"action_time": "2018-12-18T23:12:07.139Z", "user": 1, "content_type": 52, "object_id": "14", "object_repr": "EN TRAMITE CONVENIO / REFIN / REPRO", "action_flag": 1, "change_message": "new through import_export"}}, {"model": "admin.logentry", "pk": 364, "fields": {"action_time": "2018-12-18T23:12:07.217Z", "user": 1, "content_type": 52, "object_id": "15", "object_repr": "ESPERA RESPUESTA A PROPUESTA DE PAGO ", "action_flag": 1, "change_message": "new through import_export"}}, {"model": "admin.logentry", "pk": 365, "fields": {"action_time": "2018-12-18T23:12:07.305Z", "user": 1, "content_type": 52, "object_id": "16", "object_repr": "INTERESADO EN CONDONACION", "action_flag": 1, "change_message": "new through import_export"}}, {"model": "admin.logentry", "pk": 366, "fields": {"action_time": "2018-12-18T23:12:07.408Z", "user": 1, "content_type": 52, "object_id": "17", "object_repr": "INTERESADO CONVENIO / REFIN / REPRO", "action_flag": 1, "change_message": "new through import_export"}}, {"model": "admin.logentry", "pk": 367, "fields": {"action_time": "2018-12-18T23:12:07.519Z", "user": 1, "content_type": 52, "object_id": "18", "object_repr": "RECIBIO ESTADO DE CUENTA", "action_flag": 1, "change_message": "new through import_export"}}, {"model": "admin.logentry", "pk": 368, "fields": {"action_time": "2018-12-18T23:12:07.615Z", "user": 1, "content_type": 52, "object_id": "19", "object_repr": "PENDIENTE ESTADO DE CUENTA", "action_flag": 1, "change_message": "new through import_export"}}, {"model": "admin.logentry", "pk": 369, "fields": {"action_time": "2018-12-18T23:12:07.692Z", "user": 1, "content_type": 52, "object_id": "20", "object_repr": "SE APERSONARA AGENCIA / NEGOCIAR", "action_flag": 1, "change_message": "new through import_export"}}, {"model": "admin.logentry", "pk": 370, "fields": {"action_time": "2018-12-18T23:12:07.841Z", "user": 1, "content_type": 52, "object_id": "21", "object_repr": "INTERESADO / SE AGENDA LLAMADA", "action_flag": 1, "change_message": "new through import_export"}}, {"model": "admin.logentry", "pk": 371, "fields": {"action_time": "2018-12-18T23:12:08.002Z", "user": 1, "content_type": 52, "object_id": "22", "object_repr": "AFILIACION DEBITO / SEGURO / TARJETA", "action_flag": 1, "change_message": "new through import_export"}}, {"model": "admin.logentry", "pk": 372, "fields": {"action_time": "2018-12-18T23:12:08.083Z", "user": 1, "content_type": 52, "object_id": "23", "object_repr": "RECOJO DE CHEQUES", "action_flag": 1, "change_message": "new through import_export"}}, {"model": "admin.logentry", "pk": 373, "fields": {"action_time": "2018-12-18T23:12:08.161Z", "user": 1, "content_type": 52, "object_id": "24", "object_repr": "DETALLE TECNICO Y COMERCIAL", "action_flag": 1, "change_message": "new through import_export"}}, {"model": "admin.logentry", "pk": 374, "fields": {"action_time": "2018-12-18T23:12:08.261Z", "user": 1, "content_type": 52, "object_id": "25", "object_repr": "DETALLE DE DEUDA", "action_flag": 1, "change_message": "new through import_export"}}, {"model": "admin.logentry", "pk": 375, "fields": {"action_time": "2018-12-18T23:12:08.360Z", "user": 1, "content_type": 52, "object_id": "26", "object_repr": "PAGO POR (POS)", "action_flag": 1, "change_message": "new through import_export"}}, {"model": "admin.logentry", "pk": 376, "fields": {"action_time": "2018-12-18T23:12:08.471Z", "user": 1, "content_type": 52, "object_id": "27", "object_repr": "COPIA DE FACTURA", "action_flag": 1, "change_message": "new through import_export"}}, {"model": "admin.logentry", "pk": 377, "fields": {"action_time": "2018-12-18T23:12:08.571Z", "user": 1, "content_type": 52, "object_id": "28", "object_repr": "ESTADO DE CUENTA", "action_flag": 1, "change_message": "new through import_export"}}, {"model": "admin.logentry", "pk": 378, "fields": {"action_time": "2018-12-18T23:12:08.659Z", "user": 1, "content_type": 52, "object_id": "29", "object_repr": "RECTIFICACION CALIFICACION SBS", "action_flag": 1, "change_message": "new through import_export"}}, {"model": "admin.logentry", "pk": 379, "fields": {"action_time": "2018-12-18T23:12:08.748Z", "user": 1, "content_type": 52, "object_id": "30", "object_repr": "CARTA DE NO ADEUDA", "action_flag": 1, "change_message": "new through import_export"}}, {"model": "admin.logentry", "pk": 380, "fields": {"action_time": "2018-12-18T23:12:08.855Z", "user": 1, "content_type": 52, "object_id": "31", "object_repr": "CARTA DE VIGENCIA DE OBLIGACIONES", "action_flag": 1, "change_message": "new through import_export"}}, {"model": "admin.logentry", "pk": 381, "fields": {"action_time": "2018-12-18T23:12:08.954Z", "user": 1, "content_type": 52, "object_id": "32", "object_repr": "FACTURA ORIGINAL", "action_flag": 1, "change_message": "new through import_export"}}, {"model": "admin.logentry", "pk": 382, "fields": {"action_time": "2018-12-18T23:12:09.058Z", "user": 1, "content_type": 52, "object_id": "33", "object_repr": "FORMAS DE PAGO (WEB / AGENTE / CCI)", "action_flag": 1, "change_message": "new through import_export"}}, {"model": "admin.logentry", "pk": 383, "fields": {"action_time": "2018-12-18T23:12:09.154Z", "user": 1, "content_type": 52, "object_id": "34", "object_repr": "DESAFILIACION DEBITO / SEGURO / TARJETA", "action_flag": 1, "change_message": "new through import_export"}}, {"model": "admin.logentry", "pk": 384, "fields": {"action_time": "2018-12-18T23:12:09.235Z", "user": 1, "content_type": 52, "object_id": "35", "object_repr": "ENCUESTA SATISFACTORIA", "action_flag": 1, "change_message": "new through import_export"}}, {"model": "admin.logentry", "pk": 385, "fields": {"action_time": "2018-12-18T23:12:09.331Z", "user": 1, "content_type": 52, "object_id": "36", "object_repr": "ENCUESTA REGULAR", "action_flag": 1, "change_message": "new through import_export"}}, {"model": "admin.logentry", "pk": 386, "fields": {"action_time": "2018-12-18T23:12:09.464Z", "user": 1, "content_type": 52, "object_id": "37", "object_repr": "ENCUESTA DESFAVORABLE", "action_flag": 1, "change_message": "new through import_export"}}, {"model": "admin.logentry", "pk": 387, "fields": {"action_time": "2018-12-18T23:12:09.578Z", "user": 1, "content_type": 52, "object_id": "38", "object_repr": "NO DESEA PROMOCION / SER LLAMADO", "action_flag": 1, "change_message": "new through import_export"}}, {"model": "admin.logentry", "pk": 388, "fields": {"action_time": "2018-12-18T23:12:09.656Z", "user": 1, "content_type": 52, "object_id": "39", "object_repr": "MALA EXPERIENCIA", "action_flag": 1, "change_message": "new through import_export"}}, {"model": "admin.logentry", "pk": 389, "fields": {"action_time": "2018-12-18T23:12:09.777Z", "user": 1, "content_type": 52, "object_id": "40", "object_repr": "DESCONOCE MARCA O TRAYECTORIA DE PROVEEDOR", "action_flag": 1, "change_message": "new through import_export"}}, {"model": "admin.logentry", "pk": 390, "fields": {"action_time": "2018-12-18T23:12:09.877Z", "user": 1, "content_type": 52, "object_id": "41", "object_repr": "SERVICIO COSTOSO", "action_flag": 1, "change_message": "new through import_export"}}, {"model": "admin.logentry", "pk": 391, "fields": {"action_time": "2018-12-18T23:12:09.988Z", "user": 1, "content_type": 52, "object_id": "42", "object_repr": "PRODUCTO / SERVICIO / BENEFICIO", "action_flag": 1, "change_message": "new through import_export"}}, {"model": "admin.logentry", "pk": 392, "fields": {"action_time": "2018-12-18T23:12:10.087Z", "user": 1, "content_type": 52, "object_id": "43", "object_repr": "ANULARA TARJETA POR FALTA DE USO", "action_flag": 1, "change_message": "new through import_export"}}, {"model": "admin.logentry", "pk": 393, "fields": {"action_time": "2018-12-18T23:12:10.194Z", "user": 1, "content_type": 52, "object_id": "44", "object_repr": "COBRO DEUDA INEXISTENTE", "action_flag": 1, "change_message": "new through import_export"}}, {"model": "admin.logentry", "pk": 394, "fields": {"action_time": "2018-12-18T23:12:10.305Z", "user": 1, "content_type": 52, "object_id": "45", "object_repr": "TUVO PROBLEMAS SERVICIO / CONSUMO / COBRO", "action_flag": 1, "change_message": "new through import_export"}}, {"model": "admin.logentry", "pk": 395, "fields": {"action_time": "2018-12-18T23:12:10.409Z", "user": 1, "content_type": 52, "object_id": "46", "object_repr": "ANULO TARJETA DE CREDITO", "action_flag": 1, "change_message": "new through import_export"}}, {"model": "admin.logentry", "pk": 396, "fields": {"action_time": "2018-12-18T23:12:10.497Z", "user": 1, "content_type": 52, "object_id": "47", "object_repr": "CONFORME CON FECHA PAGO ACTUAL", "action_flag": 1, "change_message": "new through import_export"}}, {"model": "admin.logentry", "pk": 397, "fields": {"action_time": "2018-12-18T23:12:10.596Z", "user": 1, "content_type": 52, "object_id": "48", "object_repr": "EN TRAMITE DE CAMBIO EN AGENCIA / OFICINA", "action_flag": 1, "change_message": "new through import_export"}}, {"model": "admin.logentry", "pk": 398, "fields": {"action_time": "2018-12-18T23:12:10.696Z", "user": 1, "content_type": 52, "object_id": "49", "object_repr": "SOLICITUD DE CAMBIO EN AGENCIA / OFICINA", "action_flag": 1, "change_message": "new through import_export"}}, {"model": "admin.logentry", "pk": 399, "fields": {"action_time": "2018-12-18T23:12:10.796Z", "user": 1, "content_type": 52, "object_id": "50", "object_repr": "DENEGADA DE CAMBIO EN AGENCIA / OFICINA", "action_flag": 1, "change_message": "new through import_export"}}, {"model": "admin.logentry", "pk": 400, "fields": {"action_time": "2018-12-18T23:12:10.876Z", "user": 1, "content_type": 52, "object_id": "51", "object_repr": "NO FIGURA IMPORTE BANCO / AGENTE", "action_flag": 1, "change_message": "new through import_export"}}, {"model": "admin.logentry", "pk": 401, "fields": {"action_time": "2018-12-18T23:12:10.973Z", "user": 1, "content_type": 52, "object_id": "52", "object_repr": "EMPLEADOR DEMORA HABERES", "action_flag": 1, "change_message": "new through import_export"}}, {"model": "admin.logentry", "pk": 402, "fields": {"action_time": "2018-12-18T23:12:11.084Z", "user": 1, "content_type": 52, "object_id": "53", "object_repr": "NO LABORA / TRABAJO EVENTUAL / BAJOS INGRESOS", "action_flag": 1, "change_message": "new through import_export"}}, {"model": "admin.logentry", "pk": 403, "fields": {"action_time": "2018-12-18T23:12:11.183Z", "user": 1, "content_type": 52, "object_id": "54", "object_repr": "ESTACIONALIDAD / COMERCIANTE / CAMPA\u00d1A", "action_flag": 1, "change_message": "new through import_export"}}, {"model": "admin.logentry", "pk": 404, "fields": {"action_time": "2018-12-18T23:12:11.283Z", "user": 1, "content_type": 52, "object_id": "55", "object_repr": "EFECTUA PAGO OTRO PRODUCTO / SOBREENDEUDADO", "action_flag": 1, "change_message": "new through import_export"}}, {"model": "admin.logentry", "pk": 405, "fields": {"action_time": "2018-12-18T23:12:11.389Z", "user": 1, "content_type": 52, "object_id": "56", "object_repr": "CREDITO PARA TERCEROS", "action_flag": 1, "change_message": "new through import_export"}}, {"model": "admin.logentry", "pk": 406, "fields": {"action_time": "2018-12-18T23:12:11.482Z", "user": 1, "content_type": 52, "object_id": "57", "object_repr": "ENFERMEDAD / ACCIDENTE (TITULAR / FAMILIAR)", "action_flag": 1, "change_message": "new through import_export"}}, {"model": "admin.logentry", "pk": 407, "fields": {"action_time": "2018-12-18T23:12:11.560Z", "user": 1, "content_type": 52, "object_id": "58", "object_repr": "LABORA EN MINA / ZONA RURAL", "action_flag": 1, "change_message": "new through import_export"}}, {"model": "admin.logentry", "pk": 408, "fields": {"action_time": "2018-12-18T23:12:11.670Z", "user": 1, "content_type": 52, "object_id": "59", "object_repr": "NEGOCIO QUEBRADO / EN LIQUIDACION / INOPERATIVO", "action_flag": 1, "change_message": "new through import_export"}}, {"model": "admin.logentry", "pk": 409, "fields": {"action_time": "2018-12-18T23:12:11.803Z", "user": 1, "content_type": 52, "object_id": "60", "object_repr": "SOLO COORDINARA EMPRESA / PROVEEDOR", "action_flag": 1, "change_message": "new through import_export"}}, {"model": "admin.logentry", "pk": 410, "fields": {"action_time": "2018-12-18T23:12:11.930Z", "user": 1, "content_type": 52, "object_id": "61", "object_repr": "NO LLEGO ESTADO DE CUENTA", "action_flag": 1, "change_message": "new through import_export"}}, {"model": "admin.logentry", "pk": 411, "fields": {"action_time": "2018-12-18T23:12:12.013Z", "user": 1, "content_type": 52, "object_id": "62", "object_repr": "NO ASUME MONTO DEUDA", "action_flag": 1, "change_message": "new through import_export"}}, {"model": "admin.logentry", "pk": 412, "fields": {"action_time": "2018-12-18T23:12:12.124Z", "user": 1, "content_type": 52, "object_id": "63", "object_repr": "NO RECONOCE DEUDA", "action_flag": 1, "change_message": "new through import_export"}}, {"model": "admin.logentry", "pk": 413, "fields": {"action_time": "2018-12-18T23:12:12.224Z", "user": 1, "content_type": 52, "object_id": "64", "object_repr": "INDECOPI / SBS", "action_flag": 1, "change_message": "new through import_export"}}, {"model": "admin.logentry", "pk": 414, "fields": {"action_time": "2018-12-18T23:12:12.323Z", "user": 1, "content_type": 52, "object_id": "65", "object_repr": "ESPERA RESPUESTA RECLAMO", "action_flag": 1, "change_message": "new through import_export"}}, {"model": "admin.logentry", "pk": 415, "fields": {"action_time": "2018-12-18T23:12:12.423Z", "user": 1, "content_type": 52, "object_id": "66", "object_repr": "RECLAMO DE FACTURACION /DESPACHO", "action_flag": 1, "change_message": "new through import_export"}}, {"model": "admin.logentry", "pk": 416, "fields": {"action_time": "2018-12-18T23:12:12.500Z", "user": 1, "content_type": 52, "object_id": "67", "object_repr": "ESPERANDO RESPUESTA A RECLAMO", "action_flag": 1, "change_message": "new through import_export"}}, {"model": "admin.logentry", "pk": 417, "fields": {"action_time": "2018-12-18T23:12:12.578Z", "user": 1, "content_type": 52, "object_id": "68", "object_repr": "ENTREGA DE CONTRATO", "action_flag": 1, "change_message": "new through import_export"}}, {"model": "admin.logentry", "pk": 418, "fields": {"action_time": "2018-12-18T23:12:12.678Z", "user": 1, "content_type": 52, "object_id": "69", "object_repr": "MISMA INSTITUCION", "action_flag": 1, "change_message": "new through import_export"}}, {"model": "admin.logentry", "pk": 419, "fields": {"action_time": "2018-12-18T23:12:12.766Z", "user": 1, "content_type": 52, "object_id": "70", "object_repr": "ASEGURADORA", "action_flag": 1, "change_message": "new through import_export"}}, {"model": "admin.logentry", "pk": 420, "fields": {"action_time": "2018-12-18T23:12:12.844Z", "user": 1, "content_type": 52, "object_id": "71", "object_repr": "RECLAMO COMERCIAL", "action_flag": 1, "change_message": "new through import_export"}}, {"model": "admin.logentry", "pk": 421, "fields": {"action_time": "2018-12-18T23:12:12.943Z", "user": 1, "content_type": 52, "object_id": "72", "object_repr": "RECLAMO TECNICO ", "action_flag": 1, "change_message": "new through import_export"}}, {"model": "admin.logentry", "pk": 422, "fields": {"action_time": "2018-12-18T23:12:13.010Z", "user": 1, "content_type": 52, "object_id": "73", "object_repr": "RECLAMOS COBRANZAS", "action_flag": 1, "change_message": "new through import_export"}}, {"model": "admin.logentry", "pk": 423, "fields": {"action_time": "2018-12-18T23:12:13.098Z", "user": 1, "content_type": 52, "object_id": "74", "object_repr": "MAL SERVICIO", "action_flag": 1, "change_message": "new through import_export"}}, {"model": "admin.logentry", "pk": 424, "fields": {"action_time": "2018-12-18T23:12:13.165Z", "user": 1, "content_type": 52, "object_id": "75", "object_repr": "NO ES TITULAR DEL CREDITO", "action_flag": 1, "change_message": "new through import_export"}}, {"model": "admin.logentry", "pk": 425, "fields": {"action_time": "2018-12-18T23:12:13.272Z", "user": 1, "content_type": 52, "object_id": "76", "object_repr": "CONYUGE SOLICITA DETALLE", "action_flag": 1, "change_message": "new through import_export"}}, {"model": "admin.logentry", "pk": 426, "fields": {"action_time": "2018-12-18T23:12:13.376Z", "user": 1, "content_type": 52, "object_id": "77", "object_repr": "ACEPTA INVITACI\u00d3N A FERIA", "action_flag": 1, "change_message": "new through import_export"}}, {"model": "admin.logentry", "pk": 427, "fields": {"action_time": "2018-12-18T23:12:13.460Z", "user": 1, "content_type": 52, "object_id": "78", "object_repr": "PRESENTO PAPELES", "action_flag": 1, "change_message": "new through import_export"}}, {"model": "admin.logentry", "pk": 428, "fields": {"action_time": "2018-12-18T23:12:13.530Z", "user": 1, "content_type": 52, "object_id": "79", "object_repr": "SIN PAPELES PRESENTADOS", "action_flag": 1, "change_message": "new through import_export"}}, {"model": "admin.logentry", "pk": 429, "fields": {"action_time": "2018-12-18T23:12:13.625Z", "user": 1, "content_type": 52, "object_id": "80", "object_repr": "ACTIVAR DIRECCION", "action_flag": 1, "change_message": "new through import_export"}}, {"model": "admin.logentry", "pk": 430, "fields": {"action_time": "2018-12-18T23:12:13.718Z", "user": 1, "content_type": 52, "object_id": "81", "object_repr": "ACTIVAR TELEFONO", "action_flag": 1, "change_message": "new through import_export"}}, {"model": "admin.logentry", "pk": 431, "fields": {"action_time": "2018-12-18T23:12:13.840Z", "user": 1, "content_type": 52, "object_id": "82", "object_repr": "DESACTIVAR DIRECCION", "action_flag": 1, "change_message": "new through import_export"}}, {"model": "admin.logentry", "pk": 432, "fields": {"action_time": "2018-12-18T23:12:13.929Z", "user": 1, "content_type": 52, "object_id": "83", "object_repr": "DESACTIVAR TELEFONO", "action_flag": 1, "change_message": "new through import_export"}}, {"model": "admin.logentry", "pk": 433, "fields": {"action_time": "2018-12-18T23:12:14.017Z", "user": 1, "content_type": 52, "object_id": "84", "object_repr": "CORRECCION DE DATOS", "action_flag": 1, "change_message": "new through import_export"}}, {"model": "admin.logentry", "pk": 434, "fields": {"action_time": "2018-12-18T23:12:14.117Z", "user": 1, "content_type": 52, "object_id": "85", "object_repr": "NUEVA DIRECCION", "action_flag": 1, "change_message": "new through import_export"}}, {"model": "admin.logentry", "pk": 435, "fields": {"action_time": "2018-12-18T23:12:14.223Z", "user": 1, "content_type": 52, "object_id": "86", "object_repr": "NUEVA DIRECCION Y TELEFONO", "action_flag": 1, "change_message": "new through import_export"}}, {"model": "admin.logentry", "pk": 436, "fields": {"action_time": "2018-12-18T23:12:14.334Z", "user": 1, "content_type": 52, "object_id": "87", "object_repr": "NUEVO TELEFONO", "action_flag": 1, "change_message": "new through import_export"}}, {"model": "admin.logentry", "pk": 437, "fields": {"action_time": "2018-12-18T23:12:14.438Z", "user": 1, "content_type": 52, "object_id": "88", "object_repr": "SIN DATOS NUEVOS", "action_flag": 1, "change_message": "new through import_export"}}, {"model": "admin.logentry", "pk": 438, "fields": {"action_time": "2018-12-18T23:12:14.534Z", "user": 1, "content_type": 52, "object_id": "89", "object_repr": "A ORDEN DE PROVEEDOR", "action_flag": 1, "change_message": "new through import_export"}}, {"model": "admin.logentry", "pk": 439, "fields": {"action_time": "2018-12-18T23:12:14.643Z", "user": 1, "content_type": 52, "object_id": "90", "object_repr": "DEUDA YA CANCELADA", "action_flag": 1, "change_message": "new through import_export"}}]